timestamp,session,title,source,link,category
2026-07-09T12:00:00+00:00,manual,Tehran launches more strikes after explosions reported in southern Iran,bbc.co.uk,https://www.bbc.co.uk/news/articles/cz75zjj5wp8o?at_medium=RSS&at_campaign=rss,Geopolitical conflict
2026-07-09T12:00:00+00:00,manual,"Big drop in oil, gas and cargo ships crossing Strait of Hormuz after new strikes",bbc.co.uk,https://www.bbc.co.uk/news/articles/c621k5r8764o?at_medium=RSS&at_campaign=rss,Geopolitical conflict
2026-07-09T12:00:00+00:00,manual,Democrat Graham Platner suspends campaign for key US Senate race after assault allegation,bbc.co.uk,https://www.bbc.co.uk/news/articles/c9v229434p2o?at_medium=RSS&at_campaign=rss,Elections / political instability
2026-07-09T12:00:00+00:00,manual,"Ukraine strikes Russian ships near Crimea, escalating attacks on fuel supplies",bbc.co.uk,https://www.bbc.co.uk/news/articles/c70yd1g67z5o?at_medium=RSS&at_campaign=rss,Geopolitical conflict
2026-07-09T12:00:00+00:00,manual,Ex-Olympian pleads not guilty to Reflecting Pool vandalism charges,bbc.co.uk,https://www.bbc.co.uk/news/articles/c78y013ny3eo?at_medium=RSS&at_campaign=rss,Other
2026-07-09T20:05:01+00:00,close,Tehran launches more strikes after explosions reported in southern Iran,bbc.co.uk,https://www.bbc.co.uk/news/articles/cz75zjj5wp8o?at_medium=RSS&at_campaign=rss,Geopolitical conflict
2026-07-09T20:05:01+00:00,close,"Big fall in oil, gas and cargo ships taking US-backed Hormuz route after new strikes",bbc.co.uk,https://www.bbc.co.uk/news/articles/c621k5r8764o?at_medium=RSS&at_campaign=rss,Geopolitical conflict
2026-07-09T20:05:01+00:00,close,Democrat Graham Platner suspends campaign for key US Senate race after assault allegation,bbc.co.uk,https://www.bbc.co.uk/news/articles/c9v229434p2o?at_medium=RSS&at_campaign=rss,Elections / political instability
2026-07-09T20:05:01+00:00,close,Greek F-16 fighter jet crash-lands at busy Zakynthos airport,bbc.co.uk,https://www.bbc.co.uk/news/articles/czrxz18720eo?at_medium=RSS&at_campaign=rss,Other
2026-07-09T20:05:01+00:00,close,"Ukraine strikes Russian ships near Crimea, escalating attacks on fuel supplies",bbc.co.uk,https://www.bbc.co.uk/news/articles/c70yd1g67z5o?at_medium=RSS&at_campaign=rss,Geopolitical conflict
2026-07-09T21:48:46+00:00,manual,Tehran launches more strikes after explosions reported in southern Iran,bbc.co.uk,https://www.bbc.co.uk/news/articles/cz75zjj5wp8o?at_medium=RSS&at_campaign=rss,Geopolitical conflict
2026-07-09T21:48:46+00:00,manual,"Big fall in oil, gas and cargo ships taking US-backed Hormuz route after new strikes",bbc.co.uk,https://www.bbc.co.uk/news/articles/c621k5r8764o?at_medium=RSS&at_campaign=rss,Geopolitical conflict
2026-07-09T21:48:46+00:00,manual,Democrat Graham Platner suspends campaign for key US Senate race after assault allegation,bbc.co.uk,https://www.bbc.co.uk/news/articles/c9v229434p2o?at_medium=RSS&at_campaign=rss,Elections / political instability
2026-07-09T21:48:46+00:00,manual,Ukrainian agent accused of murdering Monaco bomb suspect changes story,bbc.co.uk,https://www.bbc.co.uk/news/articles/cpv3e8y39j7o?at_medium=RSS&at_campaign=rss,Other
2026-07-09T21:48:46+00:00,manual,Palestinians mourn Gaza World Cup screenings organiser killed in Israeli strike,bbc.co.uk,https://www.bbc.co.uk/news/articles/cwylznzjk04o?at_medium=RSS&at_campaign=rss,Geopolitical conflict
2026-07-10T19:07:52+00:00,open,Wildfire in southern Spain leaves at least 12 dead and 23 missing,bbc.co.uk,https://www.bbc.co.uk/news/articles/c8e2382jk7jo?at_medium=RSS&at_campaign=rss,Natural disaster / industrial accident
2026-07-10T19:07:52+00:00,open,East Asia braces for destructive typhoon as landslides kill 15 in Philippines,bbc.co.uk,https://www.bbc.co.uk/news/articles/c04y6wr03gxo?at_medium=RSS&at_campaign=rss,Other
2026-07-10T19:07:52+00:00,open,Zulu king expresses regret after video captures tirade against his wife,bbc.co.uk,https://www.bbc.co.uk/news/articles/cy8dl9n1v3vo?at_medium=RSS&at_campaign=rss,Other
2026-07-10T19:07:52+00:00,open,"Man fatally shot by ICE in Houston was not intended target, DHS says",bbc.co.uk,https://www.bbc.co.uk/news/articles/cm2rm66xd17o?at_medium=RSS&at_campaign=rss,Other
2026-07-10T19:07:52+00:00,open,"Man nearly sucked out of window mid-air on Ryanair plane, passengers say",bbc.co.uk,https://www.bbc.co.uk/news/articles/cgk65knkyzdo?at_medium=RSS&at_campaign=rss,Other
2026-07-10T23:32:47+00:00,close,Wildfire in southern Spain leaves at least 12 dead and 23 missing,bbc.co.uk,https://www.bbc.co.uk/news/articles/c8e2382jk7jo?at_medium=RSS&at_campaign=rss,Natural disaster / industrial accident
2026-07-10T23:32:47+00:00,close,Meet the crypto billionaires building a world where money buys you a vote,bbc.co.uk,https://www.bbc.co.uk/news/articles/cly8eqyj8e2o?at_medium=RSS&at_campaign=rss,Other
2026-07-10T23:32:47+00:00,close,East Asia braces for destructive typhoon as landslides kill 15 in Philippines,bbc.co.uk,https://www.bbc.co.uk/news/articles/c04y6wr03gxo?at_medium=RSS&at_campaign=rss,Other
2026-07-10T23:32:47+00:00,close,"Forced to wait his turn, Marine Le Pen's deputy Bardella returns to the shadows",bbc.co.uk,https://www.bbc.co.uk/news/articles/cn7558gdvjro?at_medium=RSS&at_campaign=rss,Other
2026-07-10T23:32:47+00:00,close,Zulu king expresses regret after video captures tirade against his wife,bbc.co.uk,https://www.bbc.co.uk/news/articles/cy8dl9n1v3vo?at_medium=RSS&at_campaign=rss,Other
2026-07-13T18:58:36+00:00,open,Trump reinstating naval blockade of Iranian ports,bbc.co.uk,https://www.bbc.co.uk/news/articles/c8d2vn38dy1o?at_medium=RSS&at_campaign=rss,Other
2026-07-13T18:58:36+00:00,open,Briton tells of surviving Spain wildfire in car as wife and friends died trying to run to safety,bbc.co.uk,https://www.bbc.co.uk/news/articles/cp9ld3p324jo?at_medium=RSS&at_campaign=rss,Natural disaster / industrial accident
2026-07-13T18:58:36+00:00,open,"At least 28 killed, 25 critically injured after fire engulfs Bangkok bar",bbc.co.uk,https://www.bbc.co.uk/news/articles/c24yev53q06o?at_medium=RSS&at_campaign=rss,Other
2026-07-13T18:58:36+00:00,open,"'Hero, legend, sweetheart': Tributes to Jurassic Park actor Sam Neill, who has died aged 78",bbc.co.uk,https://www.bbc.co.uk/news/articles/cy06e5e1lygo?at_medium=RSS&at_campaign=rss,Other
2026-07-13T18:58:36+00:00,open,"Senator Lindsey Graham died of aortic tear, examiner says",bbc.co.uk,https://www.bbc.co.uk/news/articles/cn75083d472o?at_medium=RSS&at_campaign=rss,Other
2026-07-13T23:26:42+00:00,close,Trump reinstates Iran port blockade and vows 20% charge on cargo passing through Hormuz,bbc.co.uk,https://www.bbc.co.uk/news/articles/c8d2vn38dy1o?at_medium=RSS&at_campaign=rss,Other
2026-07-13T23:26:42+00:00,close,Briton tells of surviving Spain wildfire in car as wife and friends died trying to run to safety,bbc.co.uk,https://www.bbc.co.uk/news/articles/cp9ld3p324jo?at_medium=RSS&at_campaign=rss,Natural disaster / industrial accident
2026-07-13T23:26:42+00:00,close,Hungary parliament votes to remove president from office,bbc.co.uk,https://www.bbc.co.uk/news/articles/cp8r002gdevo?at_medium=RSS&at_campaign=rss,Elections / political instability
2026-07-13T23:26:42+00:00,close,"At least 28 killed, 25 critically injured after fire engulfs Bangkok bar",bbc.co.uk,https://www.bbc.co.uk/news/articles/c24yev53q06o?at_medium=RSS&at_campaign=rss,Other
2026-07-13T23:26:42+00:00,close,"'Hero, legend, sweetheart': Tributes to Jurassic Park actor Sam Neill, who has died aged 78",bbc.co.uk,https://www.bbc.co.uk/news/articles/cy06e5e1lygo?at_medium=RSS&at_campaign=rss,Other
2026-07-14T17:44:17+00:00,open,Trump scraps threat of 20% fee on Hormuz cargo as US prepares to resume blockade of Iran ports,bbc.co.uk,https://www.bbc.co.uk/news/articles/cy0608wy8pro?at_medium=RSS&at_campaign=rss,Other
2026-07-14T17:44:17+00:00,open,How US commerce secretary's Epstein links were uncovered by British whistleblower,bbc.co.uk,https://www.bbc.co.uk/news/articles/c9q28dlyxrzo?at_medium=RSS&at_campaign=rss,Other
2026-07-14T17:44:17+00:00,open,"Israeli strike on police post in north Gaza kills seven, officials say",bbc.co.uk,https://www.bbc.co.uk/news/articles/cqj1jqeyl5ro?at_medium=RSS&at_campaign=rss,Geopolitical conflict
2026-07-14T17:44:17+00:00,open,Diamond giant De Beers halts work at flagship South African mine as demand plummets,bbc.co.uk,https://www.bbc.co.uk/news/articles/cjrgr7lr1ejo?at_medium=RSS&at_campaign=rss,Other
2026-07-14T17:44:17+00:00,open,"'If we die, we die together': Wife of man nearly sucked out of Ryanair plane speaks of ordeal",bbc.co.uk,https://www.bbc.co.uk/news/articles/cly8yjnw822o?at_medium=RSS&at_campaign=rss,Other
2026-07-14T23:15:52+00:00,close,Trump scraps threat of 20% fee on Hormuz cargo as US resumes blockade of Iran ports,bbc.co.uk,https://www.bbc.co.uk/news/articles/cy0608wy8pro?at_medium=RSS&at_campaign=rss,Other
2026-07-14T23:15:52+00:00,close,Strait of Hormuz 'faultline' exposes weakness of the US-Iran deal,bbc.co.uk,https://www.bbc.co.uk/news/articles/cwy0ydn033yo?at_medium=RSS&at_campaign=rss,Other
2026-07-14T23:15:52+00:00,close,"Israeli strike on police post in north Gaza kills seven, officials say",bbc.co.uk,https://www.bbc.co.uk/news/articles/cqj1jqeyl5ro?at_medium=RSS&at_campaign=rss,Geopolitical conflict
2026-07-14T23:15:52+00:00,close,Diamond giant De Beers halts work at flagship South African mine as demand plummets,bbc.co.uk,https://www.bbc.co.uk/news/articles/cjrgr7lr1ejo?at_medium=RSS&at_campaign=rss,Other
2026-07-14T23:15:52+00:00,close,"'If we die, we die together': Wife of man nearly sucked out of Ryanair plane speaks of ordeal",bbc.co.uk,https://www.bbc.co.uk/news/articles/cly8yjnw822o?at_medium=RSS&at_campaign=rss,Other
2026-07-15T17:55:21+00:00,open,French MPs approve assisted dying law with strict rules after years of argument,bbc.co.uk,https://www.bbc.co.uk/news/articles/cvg7g2z4pv3o?at_medium=RSS&at_campaign=rss,Other
2026-07-15T17:55:21+00:00,open,Iran threatens to block more trade routes as US launches fresh strikes,bbc.co.uk,https://www.bbc.co.uk/news/articles/c9323zgq6wvo?at_medium=RSS&at_campaign=rss,Geopolitical conflict
2026-07-15T17:55:21+00:00,open,Trump retreat over Hormuz tolls suggests he is struggling to end Iran war,bbc.co.uk,https://www.bbc.co.uk/news/articles/crele3r8j19o?at_medium=RSS&at_campaign=rss,Geopolitical conflict
2026-07-15T17:55:21+00:00,open,"More people around the world now favour China over the US, Pew study suggests",bbc.co.uk,https://www.bbc.co.uk/news/articles/cd959q11g54o?at_medium=RSS&at_campaign=rss,Other
2026-07-15T17:55:21+00:00,open,Russian attacks kill eight as Ukraine hits Black Sea oil tankers,bbc.co.uk,https://www.bbc.co.uk/news/articles/c8929jv8kdzo?at_medium=RSS&at_campaign=rss,Geopolitical conflict
2026-07-15T23:35:54+00:00,close,French MPs approve assisted dying law with strict rules after years of argument,bbc.co.uk,https://www.bbc.co.uk/news/articles/cvg7g2z4pv3o?at_medium=RSS&at_campaign=rss,Other
2026-07-15T23:35:54+00:00,close,US launches fresh strikes on Iran as Trump warns Tehran it 'better behave',bbc.co.uk,https://www.bbc.co.uk/news/articles/c9323zgq6wvo?at_medium=RSS&at_campaign=rss,Geopolitical conflict
2026-07-15T23:35:54+00:00,close,Argentina face fine for Falklands banner in semi-final win,bbc.co.uk,https://www.bbc.co.uk/sport/football/articles/c935pgr4dklo?at_medium=RSS&at_campaign=rss,Other
2026-07-15T23:35:54+00:00,close,Families of 43 victims await verdict in Genoa bridge disaster,bbc.co.uk,https://www.bbc.co.uk/news/articles/c20y00712ezo?at_medium=RSS&at_campaign=rss,Other
2026-07-15T23:35:54+00:00,close,"More people around the world now favour China over the US, Pew study suggests",bbc.co.uk,https://www.bbc.co.uk/news/articles/cd959q11g54o?at_medium=RSS&at_campaign=rss,Other
2026-07-16T17:50:27+00:00,open,Zelensky's removal of popular defence minister sparks protests in Ukraine,bbc.co.uk,https://www.bbc.co.uk/news/articles/cdx76069n3do?at_medium=RSS&at_campaign=rss,Other
2026-07-16T17:50:27+00:00,open,Teenager accused of carrying out sabotage actions in Poland for Russia,bbc.co.uk,https://www.bbc.co.uk/news/articles/cp305dx493do?at_medium=RSS&at_campaign=rss,Other
2026-07-16T17:50:27+00:00,open,Italian officials handed jail terms for Genoa bridge disaster that killed 43,bbc.co.uk,https://www.bbc.co.uk/news/articles/c36dnz1zez5o?at_medium=RSS&at_campaign=rss,Other
2026-07-16T17:50:27+00:00,open,Iran targets military bases as US launches wave of strikes,bbc.co.uk,https://www.bbc.co.uk/news/articles/c2lq1ed28jxo?at_medium=RSS&at_campaign=rss,Geopolitical conflict
2026-07-16T17:50:27+00:00,open,More than 800 Canadian wildfires burning as air quality alerts extend to US,bbc.co.uk,https://www.bbc.co.uk/news/articles/c0m7n427xd8o?at_medium=RSS&at_campaign=rss,Natural disaster / industrial accident
2026-07-16T23:14:45+00:00,close,Blasts reported in Iran as US launches new wave of strikes,bbc.co.uk,https://www.bbc.co.uk/news/articles/c151gdjwd10o?at_medium=RSS&at_campaign=rss,Geopolitical conflict
2026-07-16T23:14:45+00:00,close,Zelensky's removal of popular defence minister sparks protests in Ukraine,bbc.co.uk,https://www.bbc.co.uk/news/articles/cdx76069n3do?at_medium=RSS&at_campaign=rss,Other
2026-07-16T23:14:45+00:00,close,Teenager accused of carrying out sabotage actions in Poland for Russia,bbc.co.uk,https://www.bbc.co.uk/news/articles/cp305dx493do?at_medium=RSS&at_campaign=rss,Other
2026-07-16T23:14:45+00:00,close,Fifa 'assessing match reports' over Falklands banner,bbc.co.uk,https://www.bbc.co.uk/sport/football/articles/c75gnkl30vlo?at_medium=RSS&at_campaign=rss,Other
2026-07-16T23:14:45+00:00,close,Italian officials handed jail terms for Genoa bridge disaster that killed 43,bbc.co.uk,https://www.bbc.co.uk/news/articles/c36dnz1zez5o?at_medium=RSS&at_campaign=rss,Other
2026-07-17T17:42:05+00:00,open,Iran accuses US of hitting civilian infrastructure,bbc.co.uk,https://www.bbc.co.uk/news/articles/c151gdjwd10o?at_medium=RSS&at_campaign=rss,Other
2026-07-17T17:42:05+00:00,open,Trump alleges China meddled in 2020 election and questions voting security ahead of midterms,bbc.co.uk,https://www.bbc.co.uk/news/articles/cx2k9wvv5wyo?at_medium=RSS&at_campaign=rss,Elections / political instability
2026-07-17T17:42:05+00:00,open,More than 500 Rohingya vanished at sea - what happened?,bbc.co.uk,https://www.bbc.co.uk/news/articles/cr59n096mrmo?at_medium=RSS&at_campaign=rss,Other
2026-07-17T17:42:05+00:00,open,Japan relaxes royal succession rules - but ban on female emperors remains,bbc.co.uk,https://www.bbc.co.uk/news/articles/cy07rz79zg9o?at_medium=RSS&at_campaign=rss,Other
2026-07-17T17:42:05+00:00,open,Philippines condemns monkey video on Chinese media as racist,bbc.co.uk,https://www.bbc.co.uk/news/articles/cj632307934o?at_medium=RSS&at_campaign=rss,Other
2026-07-17T22:34:43+00:00,close,US denies Iranian claims it hit civilian infrastructure in latest strikes,bbc.co.uk,https://www.bbc.co.uk/news/articles/c151gdjwd10o?at_medium=RSS&at_campaign=rss,Geopolitical conflict
2026-07-17T22:34:43+00:00,close,"Many Ukrainian soldiers outraged over removal of defence minister, troops tell BBC",bbc.co.uk,https://www.bbc.co.uk/news/articles/cvg8w4dpjkwo?at_medium=RSS&at_campaign=rss,Geopolitical conflict
2026-07-17T22:34:43+00:00,close,Trump threatens to tariff Canada over wildfire smoke choking northern US cities,bbc.co.uk,https://www.bbc.co.uk/news/articles/cwyq93j34lgo?at_medium=RSS&at_campaign=rss,Trade / sanctions
2026-07-17T22:34:43+00:00,close,"One anti-war critic fined, another held as Russia clamps down on opponents",bbc.co.uk,https://www.bbc.co.uk/news/articles/cn0n3y6ewn4o?at_medium=RSS&at_campaign=rss,Geopolitical conflict
2026-07-17T22:34:43+00:00,close,EU proposes slowing down cuts to carbon emissions for businesses,bbc.co.uk,https://www.bbc.co.uk/news/articles/ckgv0zd497zo?at_medium=RSS&at_campaign=rss,Other
2026-07-20T19:18:00+00:00,open,Trump says US strikes hit Iran in 'honour' of American soldiers killed,bbc.co.uk,https://www.bbc.co.uk/news/articles/cly52xzjd3qo?at_medium=RSS&at_campaign=rss,Geopolitical conflict
2026-07-20T19:18:00+00:00,open,Yemen's Houthis announce 'maritime embargo' on Saudi Arabia,bbc.co.uk,https://www.bbc.co.uk/news/articles/cm2gmddx1ldo?at_medium=RSS&at_campaign=rss,Other
2026-07-20T19:18:00+00:00,open,Ten killed as Russian attacks on merchant ships in Black Sea intensify,bbc.co.uk,https://www.bbc.co.uk/news/articles/c4gvpv3ewv2o?at_medium=RSS&at_campaign=rss,Geopolitical conflict
2026-07-20T19:18:00+00:00,open,Rare identical quadruplets born in Australia,bbc.co.uk,https://www.bbc.co.uk/news/articles/cx2jnj3428lo?at_medium=RSS&at_campaign=rss,Other
2026-07-20T19:18:00+00:00,open,Notorious drug cartel leader Ismael Zambada sentenced to life in US prison,bbc.co.uk,https://www.bbc.co.uk/news/articles/ce3q1d1ed5do?at_medium=RSS&at_campaign=rss,Other
2026-07-20T23:35:10+00:00,close,Trump imposes 50% tariff on Canadian imports,bbc.co.uk,https://www.bbc.co.uk/news/articles/cg4dzq3x3e1o?at_medium=RSS&at_campaign=rss,Trade / sanctions
2026-07-20T23:35:10+00:00,close,"US launches fresh strikes on Iran, as Trump warns of retaliation for deaths of soldiers",bbc.co.uk,https://www.bbc.co.uk/news/articles/cx25wg2x26do?at_medium=RSS&at_campaign=rss,Geopolitical conflict
2026-07-20T23:35:10+00:00,close,Yemen's Houthis announce 'maritime embargo' on Saudi Arabia,bbc.co.uk,https://www.bbc.co.uk/news/articles/cm2gmddx1ldo?at_medium=RSS&at_campaign=rss,Other
2026-07-20T23:35:10+00:00,close,Tate brothers appear in US court for extradition proceedings,bbc.co.uk,https://www.bbc.co.uk/news/articles/c6294y87wk6o?at_medium=RSS&at_campaign=rss,Other
2026-07-20T23:35:10+00:00,close,Notorious drug cartel leader Ismael Zambada sentenced to life in US prison,bbc.co.uk,https://www.bbc.co.uk/news/articles/ce3q1d1ed5do?at_medium=RSS&at_campaign=rss,Other
2026-07-21T18:03:09+00:00,open,Carney looking at 'all options' as Trump announces 50% tariffs on Canada,bbc.co.uk,https://www.bbc.co.uk/news/articles/cg4dzq3x3e1o?at_medium=RSS&at_campaign=rss,Trade / sanctions
2026-07-21T18:03:09+00:00,open,Row escalates in Ukraine over army chief's future,bbc.co.uk,https://www.bbc.co.uk/news/articles/c7vgel8374yo?at_medium=RSS&at_campaign=rss,Other
2026-07-21T18:03:09+00:00,open,"US launches fresh strikes on Iran, as Trump warns of retaliation for deaths of soldiers",bbc.co.uk,https://www.bbc.co.uk/news/articles/cx25wg2x26do?at_medium=RSS&at_campaign=rss,Geopolitical conflict
2026-07-21T18:03:09+00:00,open,Lebanese army says troops deploying in 'pilot zone' after Israeli withdrawal,bbc.co.uk,https://www.bbc.co.uk/news/articles/cy8mynlmn55o?at_medium=RSS&at_campaign=rss,Geopolitical conflict
2026-07-21T18:03:09+00:00,open,Dozens hurt in Bologna protests after man dies while being restrained by police,bbc.co.uk,https://www.bbc.co.uk/news/articles/c86nwgw148xo?at_medium=RSS&at_campaign=rss,Other
2026-07-21T23:15:49+00:00,close,Zelensky sacks Ukraine's top army commander after days of protests,bbc.co.uk,https://www.bbc.co.uk/news/articles/cyvl35z3917o?at_medium=RSS&at_campaign=rss,Other
2026-07-21T23:15:49+00:00,close,Lebanese army says troops deploying in 'pilot zone' after Israeli withdrawal,bbc.co.uk,https://www.bbc.co.uk/news/articles/cy8mynlmn55o?at_medium=RSS&at_campaign=rss,Geopolitical conflict
2026-07-21T23:15:49+00:00,close,Carney looking at 'all options' as Trump announces 50% tariffs on Canada,bbc.co.uk,https://www.bbc.co.uk/news/articles/cg4dzq3x3e1o?at_medium=RSS&at_campaign=rss,Trade / sanctions
2026-07-21T23:15:49+00:00,close,Dozens hurt in Bologna protests after man dies while being restrained by police,bbc.co.uk,https://www.bbc.co.uk/news/articles/c86nwgw148xo?at_medium=RSS&at_campaign=rss,Other
2026-07-21T23:15:49+00:00,close,"US launches fresh strikes on Iran, as Trump warns of retaliation for deaths of soldiers",bbc.co.uk,https://www.bbc.co.uk/news/articles/cx25wg2x26do?at_medium=RSS&at_campaign=rss,Geopolitical conflict
2026-07-22T17:53:38+00:00,open,US to announce deal allowing Saudi Arabia a nuclear programme,bbc.co.uk,https://www.bbc.co.uk/news/articles/cj03r59z73po?at_medium=RSS&at_campaign=rss,Geopolitical conflict
2026-07-22T17:53:38+00:00,open,Trump threatens to target Iran's bridges and power plants if Hormuz attacks persist,bbc.co.uk,https://www.bbc.co.uk/news/articles/cdrv0p37k8jo?at_medium=RSS&at_campaign=rss,Geopolitical conflict
2026-07-22T17:53:38+00:00,open,Tankers make sharp U-turns after Houthi shipping threat,bbc.co.uk,https://www.bbc.co.uk/news/articles/cn0n127lpzgo?at_medium=RSS&at_campaign=rss,Other
2026-07-22T17:53:38+00:00,open,British woman jailed for blackmail after accusing banker of rape in Hong Kong,bbc.co.uk,https://www.bbc.co.uk/news/articles/cz97gdjgezno?at_medium=RSS&at_campaign=rss,Other
2026-07-22T17:53:38+00:00,open,Wreckage of Pan Am plane that shaped aviation safety found 74 years on,bbc.co.uk,https://www.bbc.co.uk/news/articles/cdrvyllxj71o?at_medium=RSS&at_campaign=rss,Other
2026-07-22T23:34:33+00:00,close,US signs landmark nuclear deal with Saudi Arabia,bbc.co.uk,https://www.bbc.co.uk/news/articles/cj03r59z73po?at_medium=RSS&at_campaign=rss,Geopolitical conflict
2026-07-22T23:34:33+00:00,close,Trump threatens to target Iran's bridges and power plants if Hormuz attacks persist,bbc.co.uk,https://www.bbc.co.uk/news/articles/cdrv0p37k8jo?at_medium=RSS&at_campaign=rss,Geopolitical conflict
2026-07-22T23:34:33+00:00,close,Tankers make sharp U-turns after Houthi shipping threat,bbc.co.uk,https://www.bbc.co.uk/news/articles/cn0n127lpzgo?at_medium=RSS&at_campaign=rss,Other
2026-07-22T23:34:33+00:00,close,Russia's businesses under strain from Ukraine's attacks on Wildberries,bbc.co.uk,https://www.bbc.co.uk/news/articles/cvg9n2y61w6o?at_medium=RSS&at_campaign=rss,Geopolitical conflict
2026-07-22T23:34:33+00:00,close,"Fire kills 10 members of same family in Peru, police say",bbc.co.uk,https://www.bbc.co.uk/news/articles/cm2g11ng7j2o?at_medium=RSS&at_campaign=rss,Natural disaster / industrial accident
2026-07-23T18:03:04+00:00,open,Oil prices hit $100 for the first time since May,bbc.co.uk,https://www.bbc.co.uk/news/articles/cx2djnzrqk2o?at_medium=RSS&at_campaign=rss,Other
2026-07-23T18:03:04+00:00,open,"Saudis must recognise Israel for nuclear deal, says Trump",bbc.co.uk,https://www.bbc.co.uk/news/articles/cwye71yq8wwo?at_medium=RSS&at_campaign=rss,Geopolitical conflict
2026-07-23T18:03:04+00:00,open,Ukraine's ousted defence minister insists on being reinstated,bbc.co.uk,https://www.bbc.co.uk/news/articles/ce97nm53pgxo?at_medium=RSS&at_campaign=rss,Other
2026-07-23T18:03:04+00:00,open,"France evacuates 20,000 as wildfires spread in south-west",bbc.co.uk,https://www.bbc.co.uk/news/articles/cy4kmr82n44o?at_medium=RSS&at_campaign=rss,Natural disaster / industrial accident
2026-07-23T18:03:04+00:00,open,Yemen's Houthis attack Saudi tanker as US launches more Iran strikes,bbc.co.uk,https://www.bbc.co.uk/news/articles/cpw9xzx9r4ko?at_medium=RSS&at_campaign=rss,Geopolitical conflict
2026-07-23T23:16:19+00:00,close,Oil prices hit $100 for the first time since May,bbc.co.uk,https://www.bbc.co.uk/news/articles/cx2djnzrqk2o?at_medium=RSS&at_campaign=rss,Other
2026-07-23T23:16:19+00:00,close,"Saudis must recognise Israel for nuclear deal, says Trump",bbc.co.uk,https://www.bbc.co.uk/news/articles/cwye71yq8wwo?at_medium=RSS&at_campaign=rss,Geopolitical conflict
2026-07-23T23:16:19+00:00,close,"France evacuates 20,000 as wildfires spread in south-west",bbc.co.uk,https://www.bbc.co.uk/news/articles/cy4kmr82n44o?at_medium=RSS&at_campaign=rss,Natural disaster / industrial accident
2026-07-23T23:16:19+00:00,close,India activist ends hunger strike after 26 days,bbc.co.uk,https://www.bbc.co.uk/news/articles/cjwx4x04yqzo?at_medium=RSS&at_campaign=rss,Geopolitical conflict
2026-07-23T23:16:19+00:00,close,Ukraine's ousted defence minister insists on being reinstated,bbc.co.uk,https://www.bbc.co.uk/news/articles/ce97nm53pgxo?at_medium=RSS&at_campaign=rss,Other
2026-07-24T19:02:59+00:00,open,Ten killed in Russian attack on drone exhibition near Kyiv,bbc.co.uk,https://www.bbc.co.uk/news/articles/cj637zd1k1ko?at_medium=RSS&at_campaign=rss,Geopolitical conflict
2026-07-24T19:02:59+00:00,open,Trump vows to investigate EU over fining of US tech companies,bbc.co.uk,https://www.bbc.co.uk/news/articles/cvgjenp4680o?at_medium=RSS&at_campaign=rss,Other
2026-07-24T19:02:59+00:00,open,US and Iran trade more strikes in Gulf as fears of escalation mount,bbc.co.uk,https://www.bbc.co.uk/news/articles/c05ql5llj4do?at_medium=RSS&at_campaign=rss,Geopolitical conflict
2026-07-24T19:02:59+00:00,open,Indonesian babies were trafficked to Singapore. What happens to them now?,bbc.co.uk,https://www.bbc.co.uk/news/articles/c7vgeredvlgo?at_medium=RSS&at_campaign=rss,Other
2026-07-24T19:02:59+00:00,open,South Africa's president wins bid to temporarily halt impeachment inquiry over 'Farmgate',bbc.co.uk,https://www.bbc.co.uk/news/articles/cwymj9lkx13o?at_medium=RSS&at_campaign=rss,Elections / political instability
2026-07-24T23:41:51+00:00,close,"Firefighters struggle to contain Madrid wildfires, as more than 140,000 evacuated in France and Spain",bbc.co.uk,https://www.bbc.co.uk/news/articles/czjlenp0xk8o?at_medium=RSS&at_campaign=rss,Natural disaster / industrial accident
2026-07-24T23:41:51+00:00,close,Ten killed in Russian attack on drone exhibition near Kyiv,bbc.co.uk,https://www.bbc.co.uk/news/articles/cj637zd1k1ko?at_medium=RSS&at_campaign=rss,Geopolitical conflict
2026-07-24T23:41:51+00:00,close,Zelensky tries to fix crisis over removal of defence minister and counts the cost,bbc.co.uk,https://www.bbc.co.uk/news/articles/c1d1gz3n99ro?at_medium=RSS&at_campaign=rss,Other
2026-07-24T23:41:51+00:00,close,Trump vows to investigate EU over fining of US tech companies,bbc.co.uk,https://www.bbc.co.uk/news/articles/cvgjenp4680o?at_medium=RSS&at_campaign=rss,Other
2026-07-24T23:41:51+00:00,close,US and Iran trade more strikes in Gulf as fears of escalation mount,bbc.co.uk,https://www.bbc.co.uk/news/articles/c05ql5llj4do?at_medium=RSS&at_campaign=rss,Geopolitical conflict
2026-07-27T18:58:58+00:00,open,"Wildfire now nine miles away from French city of Bordeaux, mayor warns",bbc.co.uk,https://www.bbc.co.uk/news/articles/ckg34128nvpo?at_medium=RSS&at_campaign=rss,Geopolitical conflict
2026-07-27T18:58:58+00:00,open,Devastating European wildfires in maps - and how they're being tackled,bbc.co.uk,https://www.bbc.co.uk/news/articles/cj638jx0l53o?at_medium=RSS&at_campaign=rss,Natural disaster / industrial accident
2026-07-27T18:58:58+00:00,open,Ukraine dismisses Iranian threats as Caspian Sea strike directly links wars,bbc.co.uk,https://www.bbc.co.uk/news/articles/cwyj7yl0xndo?at_medium=RSS&at_campaign=rss,Geopolitical conflict
2026-07-27T18:58:58+00:00,open,More than 600 US military service members injured since Iran War began in February,bbc.co.uk,https://www.bbc.co.uk/news/articles/c998pzd1e8xo?at_medium=RSS&at_campaign=rss,Geopolitical conflict
2026-07-27T18:58:58+00:00,open,Anger as Berlin Pride attacker revealed to have been freed weeks earlier,bbc.co.uk,https://www.bbc.co.uk/news/articles/cy9wv74qje9o?at_medium=RSS&at_campaign=rss,Geopolitical conflict
2026-07-27T23:44:59+00:00,close,"Wildfire now nine miles from French city of Bordeaux, mayor warns",bbc.co.uk,https://www.bbc.co.uk/news/articles/ckg34128nvpo?at_medium=RSS&at_campaign=rss,Geopolitical conflict
2026-07-27T23:44:59+00:00,close,Trump says Iran war talks taking place during lull in strikes,bbc.co.uk,https://www.bbc.co.uk/news/articles/c62xn4vzmnpo?at_medium=RSS&at_campaign=rss,Geopolitical conflict
2026-07-27T23:44:59+00:00,close,Ukraine dismisses Iranian threats as Caspian Sea strike directly links wars,bbc.co.uk,https://www.bbc.co.uk/news/articles/cwyj7yl0xndo?at_medium=RSS&at_campaign=rss,Geopolitical conflict
2026-07-27T23:44:59+00:00,close,A Japanese town wrestles with identity after protests over its first mosque,bbc.co.uk,https://www.bbc.co.uk/news/articles/c36d79nd5w8o?at_medium=RSS&at_campaign=rss,Other
2026-07-27T23:44:59+00:00,close,Anger as Berlin Pride attacker revealed to have been freed weeks earlier,bbc.co.uk,https://www.bbc.co.uk/news/articles/cy9wv74qje9o?at_medium=RSS&at_campaign=rss,Geopolitical conflict
2026-07-28T18:06:16+00:00,open,Wildfires in south-west France flare up as region braces for new 40C heatwave,bbc.co.uk,https://www.bbc.co.uk/news/articles/c5yd8gly1ydo?at_medium=RSS&at_campaign=rss,Natural disaster / industrial accident
2026-07-28T18:06:16+00:00,open,Uefa reacts with fury to Infantino World Cup plan,bbc.co.uk,https://www.bbc.co.uk/sport/football/articles/c8xng9894z0o?at_medium=RSS&at_campaign=rss,Other
2026-07-28T18:06:16+00:00,open,Mysterious deaths of 14 elephants in Kenya prompts urgent inquiry,bbc.co.uk,https://www.bbc.co.uk/news/articles/c3w0d7yeqlxo?at_medium=RSS&at_campaign=rss,Other
2026-07-28T18:06:16+00:00,open,The cocaine superhighway from Ecuador to Europe - the BBC reports on gangs and the police fightback,bbc.co.uk,https://www.bbc.co.uk/news/articles/cdx7n1r54nno?at_medium=RSS&at_campaign=rss,Other
2026-07-28T18:06:16+00:00,open,US walks out of UN Security Council meeting during France's remarks,bbc.co.uk,https://www.bbc.co.uk/news/articles/c87nj3w9gxjo?at_medium=RSS&at_campaign=rss,Other
2026-07-28T23:33:34+00:00,close,Wildfires in south-west France flare up as region braces for new 40C heatwave,bbc.co.uk,https://www.bbc.co.uk/news/articles/c5yd8gly1ydo?at_medium=RSS&at_campaign=rss,Natural disaster / industrial accident
2026-07-28T23:33:34+00:00,close,Uefa and PM criticise Infantino World Cup plan,bbc.co.uk,https://www.bbc.co.uk/sport/football/articles/c8xng9894z0o?at_medium=RSS&at_campaign=rss,Other
2026-07-28T23:33:34+00:00,close,Ghana mourns its tallest man - a 'generous and popular giant',bbc.co.uk,https://www.bbc.co.uk/news/articles/crk52jk0131o?at_medium=RSS&at_campaign=rss,Other
2026-07-28T23:33:34+00:00,close,Mysterious deaths of 14 elephants in Kenya prompts urgent inquiry,bbc.co.uk,https://www.bbc.co.uk/news/articles/c3w0d7yeqlxo?at_medium=RSS&at_campaign=rss,Other
2026-07-28T23:33:34+00:00,close,Odyssey translator writes scathing review of Nolan film adaptation,bbc.co.uk,https://www.bbc.co.uk/news/articles/cd692n215ndo?at_medium=RSS&at_campaign=rss,Other
2026-07-29T17:58:24+00:00,open,Two firefighters die in Crete as wildfires threaten parts of southern Europe,bbc.co.uk,https://www.bbc.co.uk/news/articles/cwyjgwg8jddo?at_medium=RSS&at_campaign=rss,Natural disaster / industrial accident
2026-07-29T17:58:24+00:00,open,France fire crews face searing heat in battle to contain flames,bbc.co.uk,https://www.bbc.co.uk/news/articles/c62q5we799ro?at_medium=RSS&at_campaign=rss,Other
2026-07-29T17:58:24+00:00,open,More than 100 aftershocks hit Japan after powerful quake that killed 13,bbc.co.uk,https://www.bbc.co.uk/news/articles/cgk43y21j0do?at_medium=RSS&at_campaign=rss,Other
2026-07-29T17:58:24+00:00,open,Saudi Arabia joins US in strikes on Iran-backed militias in Iraq,bbc.co.uk,https://www.bbc.co.uk/news/articles/c70g6y24d76o?at_medium=RSS&at_campaign=rss,Geopolitical conflict
2026-07-29T17:58:24+00:00,open,Anthony Fauci refuses to answer questions during US Senate hearing discussing Covid origins,bbc.co.uk,https://www.bbc.co.uk/news/articles/cdx85vkk0gko?at_medium=RSS&at_campaign=rss,Elections / political instability
2026-07-29T23:38:24+00:00,close,Saudi Arabia's dilemma as it tries to stay out of US-Iran war,bbc.co.uk,https://www.bbc.co.uk/news/articles/clyx83l8jv8o?at_medium=RSS&at_campaign=rss,Geopolitical conflict
2026-07-29T23:38:24+00:00,close,Two firefighters die in Crete as wildfires threaten parts of southern Europe,bbc.co.uk,https://www.bbc.co.uk/news/articles/cwyjgwg8jddo?at_medium=RSS&at_campaign=rss,Natural disaster / industrial accident
2026-07-29T23:38:24+00:00,close,Zendaya on working with Tom Holland in Spider-Man: ‘When you’re best friends it’s easy’,bbc.co.uk,https://www.bbc.co.uk/news/articles/c0km3d2j6mko?at_medium=RSS&at_campaign=rss,Other
2026-07-29T23:38:24+00:00,close,"'It's our home, it's our forest': BBC speaks to locals fighting France wildfire",bbc.co.uk,https://www.bbc.co.uk/news/articles/c62q5we799ro?at_medium=RSS&at_campaign=rss,Natural disaster / industrial accident
2026-07-29T23:38:24+00:00,close,Salman Rushdie attacker convicted of terror offenses,bbc.co.uk,https://www.bbc.co.uk/news/articles/c86ng1g5wy4o?at_medium=RSS&at_campaign=rss,Geopolitical conflict
2026-07-30T18:06:33+00:00,open,US launches 'heavy' strikes on Iran after attempted attack on American troops,bbc.co.uk,https://www.bbc.co.uk/news/articles/c74gwdzywmeo?at_medium=RSS&at_campaign=rss,Geopolitical conflict
2026-07-30T18:06:33+00:00,open,Why limited war with the US may suit Iran better than peace,bbc.co.uk,https://www.bbc.co.uk/news/articles/c78gnyq3wvdo?at_medium=RSS&at_campaign=rss,Geopolitical conflict
2026-07-30T18:06:33+00:00,open,Hundreds of migrants swim from Morocco to Spanish enclave of Ceuta,bbc.co.uk,https://www.bbc.co.uk/news/articles/cg4drwzkrkxo?at_medium=RSS&at_campaign=rss,Other
2026-07-30T18:06:33+00:00,open,Missile that left crater deep inside Poland was probably Russian - Polish PM,bbc.co.uk,https://www.bbc.co.uk/news/articles/cwymkgenv2ro?at_medium=RSS&at_campaign=rss,Geopolitical conflict
2026-07-30T18:06:33+00:00,open,"At least five members of same family killed in Russian missile attack, Zelensky says",bbc.co.uk,https://www.bbc.co.uk/news/articles/cy8mk59l5jzo?at_medium=RSS&at_campaign=rss,Geopolitical conflict
2026-07-30T23:37:20+00:00,close,Trump says Board of Peace has reached agreement for disarmament of Hamas,bbc.co.uk,https://www.bbc.co.uk/news/articles/cj03m512r4go?at_medium=RSS&at_campaign=rss,Other
2026-07-30T23:37:20+00:00,close,Uefa to boycott World Cups if Fifa plans approved,bbc.co.uk,https://www.bbc.co.uk/sport/football/articles/c5y67zrrdddo?at_medium=RSS&at_campaign=rss,Other
2026-07-30T23:37:20+00:00,close,US launches 'heavy' strikes on Iran after attempted attack on American troops,bbc.co.uk,https://www.bbc.co.uk/news/articles/c74gwdzywmeo?at_medium=RSS&at_campaign=rss,Geopolitical conflict
2026-07-30T23:37:20+00:00,close,Why limited war with the US may suit Iran better than peace,bbc.co.uk,https://www.bbc.co.uk/news/articles/c78gnyq3wvdo?at_medium=RSS&at_campaign=rss,Geopolitical conflict
2026-07-30T23:37:20+00:00,close,Hundreds of migrants swim from Morocco to Spanish enclave of Ceuta,bbc.co.uk,https://www.bbc.co.uk/news/articles/cg4drwzkrkxo?at_medium=RSS&at_campaign=rss,Other
2026-07-31T18:51:52+00:00,open,"Spain's PM blames traffickers after 60,000 migrants reach Ceuta from Morocco",bbc.co.uk,https://www.bbc.co.uk/news/articles/cx2kp639yx4o?at_medium=RSS&at_campaign=rss,Other
2026-07-31T18:51:52+00:00,open,"Bowen: Plan for Hamas to disarm faces big obstacles, yet it offers rare hope for Gaza",bbc.co.uk,https://www.bbc.co.uk/news/articles/c2dkje4p4klo?at_medium=RSS&at_campaign=rss,Other
2026-07-31T18:51:52+00:00,open,Two bodies located and search ongoing after avalanche hits Nirmal Purja's team,bbc.co.uk,https://www.bbc.co.uk/news/articles/cddjz1r01l8o?at_medium=RSS&at_campaign=rss,Other
2026-07-31T18:51:52+00:00,open,Peru's ex-president has 15-year jail sentence for corruption charges overturned,bbc.co.uk,https://www.bbc.co.uk/news/articles/cx2j9nj88rro?at_medium=RSS&at_campaign=rss,Elections / political instability
2026-07-31T18:51:52+00:00,open,Hundreds escape Greek wildfire by sea as blazes continue across Europe,bbc.co.uk,https://www.bbc.co.uk/news/articles/c0kmzx8vpv4o?at_medium=RSS&at_campaign=rss,Natural disaster / industrial accident
2026-07-31T23:38:18+00:00,close,"Spain's PM blames traffickers after 60,000 migrants reach Ceuta from Morocco",bbc.co.uk,https://www.bbc.co.uk/news/articles/cx2kp639yx4o?at_medium=RSS&at_campaign=rss,Other
2026-07-31T23:38:18+00:00,close,"Bowen: Plan for Hamas to disarm faces big obstacles, yet it offers rare hope for Gaza",bbc.co.uk,https://www.bbc.co.uk/news/articles/c2dkje4p4klo?at_medium=RSS&at_campaign=rss,Other
2026-07-31T23:38:18+00:00,close,Body of US climber the latest recovered after Pakistan avalanche,bbc.co.uk,https://www.bbc.co.uk/news/articles/cddjz1r01l8o?at_medium=RSS&at_campaign=rss,Other
2026-07-31T23:38:18+00:00,close,Peru's ex-president has 15-year jail sentence for corruption charges overturned,bbc.co.uk,https://www.bbc.co.uk/news/articles/cx2j9nj88rro?at_medium=RSS&at_campaign=rss,Elections / political instability
2026-07-31T23:38:18+00:00,close,Hundreds escape Greek wildfire by sea as blazes continue across Europe,bbc.co.uk,https://www.bbc.co.uk/news/articles/c0kmzx8vpv4o?at_medium=RSS&at_campaign=rss,Natural disaster / industrial accident
2026-08-03T19:10:02+00:00,open,Russia says seven killed and 40 injured by Ukrainian drone hitting busy beach,bbc.co.uk,https://www.bbc.co.uk/news/articles/cr7kmnyrdn7o?at_medium=RSS&at_campaign=rss,Other
2026-08-03T19:10:02+00:00,open,Rhine falls to record low levels as drought strains Europe's rivers,bbc.co.uk,https://www.bbc.co.uk/news/articles/c78gn8zvrx4o?at_medium=RSS&at_campaign=rss,Other
2026-08-03T19:10:02+00:00,open,Iran says it is in talks with Oman but not the US after Trump says negotiations to resume,bbc.co.uk,https://www.bbc.co.uk/news/articles/c23579jzv08o?at_medium=RSS&at_campaign=rss,Other
2026-08-03T19:10:02+00:00,open,"Threat to oil tankers in Middle East  worst since start of Iran war, analysts say",bbc.co.uk,https://www.bbc.co.uk/news/articles/cjrv0dy2e90o?at_medium=RSS&at_campaign=rss,Geopolitical conflict
2026-08-03T19:10:02+00:00,open,'My only son was shot standing up for justice' - inside city gripped by deadly protests in Pakistan-administered Kashmir,bbc.co.uk,https://www.bbc.co.uk/news/articles/c5yvqk69enko?at_medium=RSS&at_campaign=rss,Other
2026-08-03T23:52:28+00:00,close,Russia says seven killed and 40 injured by Ukrainian drone hitting busy beach,bbc.co.uk,https://www.bbc.co.uk/news/articles/cr7kmnyrdn7o?at_medium=RSS&at_campaign=rss,Other
2026-08-03T23:52:28+00:00,close,Iran says it is in talks with Oman but not the US after Trump says negotiations to resume,bbc.co.uk,https://www.bbc.co.uk/news/articles/c23579jzv08o?at_medium=RSS&at_campaign=rss,Other
2026-08-03T23:52:28+00:00,close,"Threat to oil tankers in Middle East  worst since start of Iran war, analysts say",bbc.co.uk,https://www.bbc.co.uk/news/articles/cjrv0dy2e90o?at_medium=RSS&at_campaign=rss,Geopolitical conflict
2026-08-03T23:52:28+00:00,close,Rhine falls to record low levels as drought strains Europe's rivers,bbc.co.uk,https://www.bbc.co.uk/news/articles/c78gn8zvrx4o?at_medium=RSS&at_campaign=rss,Other
2026-08-03T23:52:28+00:00,close,US reports first two deaths linked to  'explosive diarrhoea' outbreak,bbc.co.uk,https://www.bbc.co.uk/news/articles/c2k7px317eeo?at_medium=RSS&at_campaign=rss,Other
2026-08-04T19:11:44+00:00,open,Video shows Russian drone chasing Ukrainian street vendor in 'human safari' attack,bbc.co.uk,https://www.bbc.co.uk/news/articles/cn4n03xg981o?at_medium=RSS&at_campaign=rss,Geopolitical conflict
2026-08-04T19:11:44+00:00,open,Oil prices fall on hopes Strait of Hormuz could reopen,bbc.co.uk,https://www.bbc.co.uk/news/articles/cpw9v0gnzxwo?at_medium=RSS&at_campaign=rss,Other
2026-08-04T19:11:44+00:00,open,EU commends Spain's 'swift response' to Ceuta migrant crisis,bbc.co.uk,https://www.bbc.co.uk/news/articles/c80n3j55g0do?at_medium=RSS&at_campaign=rss,Other
2026-08-04T19:11:44+00:00,open,Ukraine hits more Wildberries sites as strike kills five in Moscow region,bbc.co.uk,https://www.bbc.co.uk/news/articles/c151pkww79zo?at_medium=RSS&at_campaign=rss,Geopolitical conflict
2026-08-04T19:11:44+00:00,open,More than 170 migrants rescued after boat catches fire in Channel,bbc.co.uk,https://www.bbc.co.uk/news/articles/c4gkpeppjyqo?at_medium=RSS&at_campaign=rss,Other
2026-08-04T23:39:55+00:00,close,Video shows Russian drone chasing Ukrainian street vendor in 'human safari' attack,bbc.co.uk,https://www.bbc.co.uk/news/articles/cn4n03xg981o?at_medium=RSS&at_campaign=rss,Geopolitical conflict
2026-08-04T23:39:55+00:00,close,Oil prices fall on hopes Strait of Hormuz could reopen,bbc.co.uk,https://www.bbc.co.uk/news/articles/cpw9v0gnzxwo?at_medium=RSS&at_campaign=rss,Other
2026-08-04T23:39:55+00:00,close,EU commends Spain's 'swift response' to Ceuta migrant crisis,bbc.co.uk,https://www.bbc.co.uk/news/articles/c80n3j55g0do?at_medium=RSS&at_campaign=rss,Other
2026-08-04T23:39:55+00:00,close,Armed man with armour-piercing bullets arrested near Trump's California golf course,bbc.co.uk,https://www.bbc.co.uk/news/articles/c20jp3mp7lyo?at_medium=RSS&at_campaign=rss,Other
2026-08-04T23:39:55+00:00,close,Ukraine hits more Wildberries sites as strike kills five in Moscow region,bbc.co.uk,https://www.bbc.co.uk/news/articles/c151pkww79zo?at_medium=RSS&at_campaign=rss,Geopolitical conflict
2026-08-05T19:04:52+00:00,open,"After deadly Kyiv strike, Ukraine warns interceptor shortage is costing lives",bbc.co.uk,https://www.bbc.co.uk/news/articles/cyvlgq2gp2eo?at_medium=RSS&at_campaign=rss,Geopolitical conflict
2026-08-05T19:04:52+00:00,open,Left-wing political outsider wins Democratic Senate primary in Michigan,bbc.co.uk,https://www.bbc.co.uk/news/articles/ckgdkpz07kvo?at_medium=RSS&at_campaign=rss,Elections / political instability
2026-08-05T19:04:52+00:00,open,"Drone carrying explosives found at German airport, police say",bbc.co.uk,https://www.bbc.co.uk/news/articles/cyvlg4q48l3o?at_medium=RSS&at_campaign=rss,Other
2026-08-05T19:04:52+00:00,open,Why some scientists are thrilled that a SpaceX rocket has crashed into the Moon,bbc.co.uk,https://www.bbc.co.uk/news/articles/c62q0xerzrno?at_medium=RSS&at_campaign=rss,Other
2026-08-05T19:04:52+00:00,open,UN rights chief alarmed by rise in Iran executions since March,bbc.co.uk,https://www.bbc.co.uk/news/articles/c75gvzxrz49o?at_medium=RSS&at_campaign=rss,Other
2026-08-05T23:31:24+00:00,close,Iran says it has agreed Strait of Hormuz shipping route with Oman,bbc.co.uk,https://www.bbc.co.uk/news/articles/ckg9d3eyeggo?at_medium=RSS&at_campaign=rss,Other
2026-08-05T23:31:24+00:00,close,"After deadly Kyiv strike, Ukraine warns interceptor shortage is costing lives",bbc.co.uk,https://www.bbc.co.uk/news/articles/cyvlgq2gp2eo?at_medium=RSS&at_campaign=rss,Geopolitical conflict
2026-08-05T23:31:24+00:00,close,"Drone carrying explosives found at German airport, police say",bbc.co.uk,https://www.bbc.co.uk/news/articles/cyvlg4q48l3o?at_medium=RSS&at_campaign=rss,Other
2026-08-05T23:31:24+00:00,close,Israel strikes south Lebanon after first evacuation warning in weeks,bbc.co.uk,https://www.bbc.co.uk/news/articles/c998711dyjvo?at_medium=RSS&at_campaign=rss,Geopolitical conflict
2026-08-05T23:31:24+00:00,close,Infantino sorry for errors but stays Fifa president,bbc.co.uk,https://www.bbc.co.uk/sport/football/articles/clyq3el5gkqo?at_medium=RSS&at_campaign=rss,Elections / political instability
2026-08-07T04:35:09+00:00,close,Meta fined $567m in largest child safety ruling against social media giant,bbc.co.uk,https://www.bbc.co.uk/news/articles/cd7lz3wr2rlo?at_medium=RSS&at_campaign=rss,Other
2026-08-07T04:35:09+00:00,close,Trump denies US weapons shortage and says information 'leakers' being 'hunted down',bbc.co.uk,https://www.bbc.co.uk/news/articles/cy8mjd19xm7o?at_medium=RSS&at_campaign=rss,Other
2026-08-07T04:35:09+00:00,close,Uefa says boycott may still go ahead as FA withdraws Infantino support,bbc.co.uk,https://www.bbc.co.uk/sport/football/articles/c2k74yevgzwo?at_medium=RSS&at_campaign=rss,Other
2026-08-07T04:35:09+00:00,close,Australian aviation crew carries out daring midwinter Antarctica rescue,bbc.co.uk,https://www.bbc.co.uk/news/articles/c89nqlz5p4qo?at_medium=RSS&at_campaign=rss,Other
2026-08-07T04:35:09+00:00,close,Trump again tries to limit US birthright citizenship with new executive orders,bbc.co.uk,https://www.bbc.co.uk/news/articles/cj63966j95yo?at_medium=RSS&at_campaign=rss,Other
2026-08-07T16:35:32+00:00,open,Seven killed after Thai student opens fire at home and school,bbc.co.uk,https://www.bbc.co.uk/news/articles/c980j3j578do?at_medium=RSS&at_campaign=rss,Other
2026-08-07T16:35:32+00:00,open,Meta fined $567m in largest child safety ruling against social media giant,bbc.co.uk,https://www.bbc.co.uk/news/articles/cd7lz3wr2rlo?at_medium=RSS&at_campaign=rss,Other
2026-08-07T16:35:32+00:00,open,"Saudi Arabia, Turkey and Pakistan sign defence pact",bbc.co.uk,https://www.bbc.co.uk/news/articles/c30418m4mj4o?at_medium=RSS&at_campaign=rss,Other
2026-08-07T16:35:32+00:00,open,Spain threatens retaliation if Italy fails to lift border controls after Ceuta crossings,bbc.co.uk,https://www.bbc.co.uk/news/articles/c5yv5l6yr5ko?at_medium=RSS&at_campaign=rss,Other
2026-08-07T16:35:32+00:00,open,Mexico and Peru restore diplomatic relations after asylum row,bbc.co.uk,https://www.bbc.co.uk/news/articles/cz7dy1l3e77o?at_medium=RSS&at_campaign=rss,Other
2026-08-07T22:06:51+00:00,close,Spain to impose border controls against Italy as row over Ceuta migrant influx intensifies,bbc.co.uk,https://www.bbc.co.uk/news/articles/c5yv5l6yr5ko?at_medium=RSS&at_campaign=rss,Other
2026-08-07T22:06:51+00:00,close,Thai PM vows to introduce stricter gun laws after eight killed in shooting,bbc.co.uk,https://www.bbc.co.uk/news/articles/cdewx6rew04o?at_medium=RSS&at_campaign=rss,Other
2026-08-07T22:06:51+00:00,close,"I was standing in front of my teacher when she was shot, Thai pupil says",bbc.co.uk,https://www.bbc.co.uk/news/articles/c07rxz03034o?at_medium=RSS&at_campaign=rss,Other
2026-08-07T22:06:51+00:00,close,"Saudi Arabia, Turkey and Pakistan sign defence pact",bbc.co.uk,https://www.bbc.co.uk/news/articles/c30418m4mj4o?at_medium=RSS&at_campaign=rss,Other
2026-08-07T22:06:51+00:00,close,Spanish police arrest 78 people in bust of 'one of largest' smuggling networks,bbc.co.uk,https://www.bbc.co.uk/news/articles/clylejzkkx4o?at_medium=RSS&at_campaign=rss,Other
2026-08-10T16:29:43+00:00,open,At least 13 killed in Ukrainian drone strike deep into Russia,bbc.co.uk,https://www.bbc.co.uk/news/articles/cvgjvgv926po?at_medium=RSS&at_campaign=rss,Geopolitical conflict
2026-08-10T16:29:43+00:00,open,World's oceans hit record-high July temperatures,bbc.co.uk,https://www.bbc.co.uk/news/articles/cpvw8vmmgrwo?at_medium=RSS&at_campaign=rss,Other
2026-08-10T16:29:43+00:00,open,Netanyahu's rejection of Trump's 15-point Gaza plan unlikely to be final word,bbc.co.uk,https://www.bbc.co.uk/news/articles/ce3q5282ep3o?at_medium=RSS&at_campaign=rss,Other
2026-08-10T16:29:43+00:00,open,'Total incinerated destruction': Canada wildfire evacuees wonder if they still have homes,bbc.co.uk,https://www.bbc.co.uk/news/articles/cx2lwv032j9o?at_medium=RSS&at_campaign=rss,Natural disaster / industrial accident
2026-08-10T16:29:43+00:00,open,Evidence that South African special forces murdered top detective shared with BBC,bbc.co.uk,https://www.bbc.co.uk/news/articles/cly8djwgem0o?at_medium=RSS&at_campaign=rss,Other
2026-08-10T22:08:52+00:00,close,At least 13 killed in Ukrainian drone strike deep into Russia,bbc.co.uk,https://www.bbc.co.uk/news/articles/cvgjvgv926po?at_medium=RSS&at_campaign=rss,Geopolitical conflict
2026-08-10T22:08:52+00:00,close,Netanyahu's rejection of Trump's 15-point Gaza plan unlikely to be final word,bbc.co.uk,https://www.bbc.co.uk/news/articles/ce3q5282ep3o?at_medium=RSS&at_campaign=rss,Other
2026-08-10T22:08:52+00:00,close,'We've had a lot of close calls': Canada wildfire evacuees wonder if they still have homes,bbc.co.uk,https://www.bbc.co.uk/news/articles/cx2lwv032j9o?at_medium=RSS&at_campaign=rss,Natural disaster / industrial accident
2026-08-10T22:08:52+00:00,close,Canada flight cancelled after child refuses to wear seat belt,bbc.co.uk,https://www.bbc.co.uk/news/articles/cj6307x3wdgo?at_medium=RSS&at_campaign=rss,Other
2026-08-10T22:08:52+00:00,close,"30 years later, a former gang member will stand trial for Tupac's murder",bbc.co.uk,https://www.bbc.co.uk/news/articles/cgmkl1j3dwvo?at_medium=RSS&at_campaign=rss,Other
2026-08-11T14:39:26+00:00,open,"Trump hid in catering truck in secret plane swap over Iran threat, reports say",bbc.co.uk,https://www.bbc.co.uk/news/articles/cm2g90vvy62o?at_medium=RSS&at_campaign=rss,Other
2026-08-11T14:39:26+00:00,open,"Russia using North Korean missiles to strike Ukraine, Zelensky says",bbc.co.uk,https://www.bbc.co.uk/news/articles/c151dpzwnvxo?at_medium=RSS&at_campaign=rss,Geopolitical conflict
2026-08-11T14:39:26+00:00,open,Ousted Syrian dictator Bashar al-Assad sentenced to death in absentia,bbc.co.uk,https://www.bbc.co.uk/news/articles/ce34dkpnyg7o?at_medium=RSS&at_campaign=rss,Other
2026-08-11T14:39:26+00:00,open,At least 169 killed in Colombia's largest  earthquake in years,bbc.co.uk,https://www.bbc.co.uk/news/articles/c20e360lx0vo?at_medium=RSS&at_campaign=rss,Natural disaster / industrial accident
2026-08-11T14:39:26+00:00,open,Libyan authorities battle big blaze at major oil refinery,bbc.co.uk,https://www.bbc.co.uk/news/articles/cp308z9pl30o?at_medium=RSS&at_campaign=rss,Other
2026-08-11T20:49:25+00:00,close,Rescuers scramble for survivors with 180 dead in Colombia earthquake,bbc.co.uk,https://www.bbc.co.uk/news/articles/c20dqd9qwq4o?at_medium=RSS&at_campaign=rss,Natural disaster / industrial accident
2026-08-11T20:49:25+00:00,close,US says helicopter fired missiles to disable ship breaking Iran blockade,bbc.co.uk,https://www.bbc.co.uk/news/articles/cvg8lyyyjedo?at_medium=RSS&at_campaign=rss,Geopolitical conflict
2026-08-11T20:49:25+00:00,close,"Trump hid in catering truck in secret plane swap over Iran threat, reports say",bbc.co.uk,https://www.bbc.co.uk/news/articles/cm2g90vvy62o?at_medium=RSS&at_campaign=rss,Other
2026-08-11T20:49:25+00:00,close,"Russia using North Korean missiles to strike Ukraine, Zelensky says",bbc.co.uk,https://www.bbc.co.uk/news/articles/c151dpzwnvxo?at_medium=RSS&at_campaign=rss,Geopolitical conflict
2026-08-11T20:49:25+00:00,close,Russia releases former US Marine reported in poor health,bbc.co.uk,https://www.bbc.co.uk/news/articles/cvgj4m8e1ryo?at_medium=RSS&at_campaign=rss,Other
2026-08-12T14:39:11+00:00,open,Trump confirms he switched planes after Nato summit because of possible threat,bbc.co.uk,https://www.bbc.co.uk/news/articles/c980r4wpl9lo?at_medium=RSS&at_campaign=rss,Other
2026-08-12T14:39:11+00:00,open,Trump's dramatic plane swap hints at personal stakes of Iran war,bbc.co.uk,https://www.bbc.co.uk/news/articles/cly8jexn1z9o?at_medium=RSS&at_campaign=rss,Geopolitical conflict
2026-08-12T14:39:11+00:00,open,Woman pulled alive from rubble 36 hours after Colombia quake,bbc.co.uk,https://www.bbc.co.uk/news/articles/cz7d2e5wlgno?at_medium=RSS&at_campaign=rss,Other
2026-08-12T14:39:11+00:00,open,Israeli settlers besieging Palestinian families in West Bank village,bbc.co.uk,https://www.bbc.co.uk/news/articles/cn0npjkqrleo?at_medium=RSS&at_campaign=rss,Other
2026-08-12T14:39:11+00:00,open,US inflation eases as food and fuel costs cool,bbc.co.uk,https://www.bbc.co.uk/news/articles/c0qv2nn1gpeo?at_medium=RSS&at_campaign=rss,Central bank / monetary policy
2026-08-12T20:50:00+00:00,close,Major Russian grain export terminals hit in Ukraine Black Sea port attack,bbc.co.uk,https://www.bbc.co.uk/news/articles/c5y49xp2wrno?at_medium=RSS&at_campaign=rss,Geopolitical conflict
2026-08-12T20:50:00+00:00,close,Israeli settlers besieging Palestinian families in West Bank village,bbc.co.uk,https://www.bbc.co.uk/news/articles/cn0npjkqrleo?at_medium=RSS&at_campaign=rss,Other
2026-08-12T20:50:00+00:00,close,US immigration officers to be equipped with gloves that deliver electric shocks,bbc.co.uk,https://www.bbc.co.uk/news/articles/c20d292gdp4o?at_medium=RSS&at_campaign=rss,Other
2026-08-12T20:50:00+00:00,close,Trump says White House press secretary Karoline Leavitt to leave post,bbc.co.uk,https://www.bbc.co.uk/news/articles/cvglzrvyrz3o?at_medium=RSS&at_campaign=rss,Other
2026-08-12T20:50:00+00:00,close,Woman pulled alive from rubble 36 hours after Colombia quake,bbc.co.uk,https://www.bbc.co.uk/news/articles/cz7d2e5wlgno?at_medium=RSS&at_campaign=rss,Other
2026-08-13T14:40:15+00:00,open,"Putin can no longer claim victory in Ukraine, Nobel Peace Prize winner tells BBC",bbc.co.uk,https://www.bbc.co.uk/news/articles/c74grmy2v7ko?at_medium=RSS&at_campaign=rss,Other
2026-08-13T14:40:15+00:00,open,UK defends seizing shadow fleet tanker after Putin threat,bbc.co.uk,https://www.bbc.co.uk/news/articles/cn0npn249qvo?at_medium=RSS&at_campaign=rss,Other
2026-08-13T14:40:15+00:00,open,More troops to be sent to West Bank village besieged by Israeli settlers,bbc.co.uk,https://www.bbc.co.uk/news/articles/cj4kppdk2qwo?at_medium=RSS&at_campaign=rss,Geopolitical conflict
2026-08-13T14:40:15+00:00,open,"Ebola outbreak on track to be deadliest ever, WHO chief says",bbc.co.uk,https://www.bbc.co.uk/news/articles/cgk4pex4mn8o?at_medium=RSS&at_campaign=rss,Other
2026-08-13T14:40:15+00:00,open,Travis Kelce shares first details from his wedding to Taylor Swift: 'Best night of my life',bbc.co.uk,https://www.bbc.co.uk/news/articles/cx2r179e232o?at_medium=RSS&at_campaign=rss,Other
2026-08-13T20:47:33+00:00,close,Palestinians told to leave homes in village where Israeli settlers besieged houses,bbc.co.uk,https://www.bbc.co.uk/news/articles/cj4kppdk2qwo?at_medium=RSS&at_campaign=rss,Other
2026-08-13T20:47:33+00:00,close,Romania shuts only nuclear plant as heat causes huge drop in Danube River level,bbc.co.uk,https://www.bbc.co.uk/news/articles/cqlxpq5q799o?at_medium=RSS&at_campaign=rss,Geopolitical conflict
2026-08-13T20:47:33+00:00,close,"Putin can no longer claim victory in Ukraine, Nobel Peace Prize winner tells BBC",bbc.co.uk,https://www.bbc.co.uk/news/articles/c74grmy2v7ko?at_medium=RSS&at_campaign=rss,Other
2026-08-13T20:47:33+00:00,close,Conditions on US aircraft carrier at sea for more than 250 days raise alarms,bbc.co.uk,https://www.bbc.co.uk/news/articles/cyvl2d5j52lo?at_medium=RSS&at_campaign=rss,Other
2026-08-13T20:47:33+00:00,close,Person fined after using foghorn to wake sleeping polar bear,bbc.co.uk,https://www.bbc.co.uk/news/articles/cx2k1r97vx7o?at_medium=RSS&at_campaign=rss,Other
2026-08-14T14:34:08+00:00,open,'Unprecedented' rain in Japan kills eight people,bbc.co.uk,https://www.bbc.co.uk/news/articles/cq561gpen8lo?at_medium=RSS&at_campaign=rss,Other
2026-08-14T14:34:08+00:00,open,Instagram accounts fuelling Ceuta crisis with paid advice for help to cross,bbc.co.uk,https://www.bbc.co.uk/news/articles/c89n20wj9kko?at_medium=RSS&at_campaign=rss,Other
2026-08-14T14:34:08+00:00,open,US says dozens of countries helped China dodge Trump's tariffs,bbc.co.uk,https://www.bbc.co.uk/news/articles/c78gy6ep3n5o?at_medium=RSS&at_campaign=rss,Trade / sanctions
2026-08-14T14:34:08+00:00,open,Builders unearth €9m gold loot sealed in walls of Belgian property,bbc.co.uk,https://www.bbc.co.uk/news/articles/c5ydzg0dnz7o?at_medium=RSS&at_campaign=rss,Other
2026-08-14T14:34:08+00:00,open,Stolen Matisse artworks recovered by police in Brazil,bbc.co.uk,https://www.bbc.co.uk/news/articles/c1l1ym96ydvo?at_medium=RSS&at_campaign=rss,Other
2026-08-14T20:33:39+00:00,close,Afghan women tell the BBC their lives are unrecognisable after five years of Taliban rule,bbc.co.uk,https://www.bbc.co.uk/news/articles/clyje43dz4eo?at_medium=RSS&at_campaign=rss,Other
2026-08-14T20:33:39+00:00,close,Instagram accounts fuelling Ceuta crisis with paid advice for help to cross,bbc.co.uk,https://www.bbc.co.uk/news/articles/c89n20wj9kko?at_medium=RSS&at_campaign=rss,Other
2026-08-14T20:33:39+00:00,close,Activists try to deliver aid to Palestinians in homes besieged by Israeli settlers,bbc.co.uk,https://www.bbc.co.uk/news/articles/c1w1ylw0p3no?at_medium=RSS&at_campaign=rss,Other
2026-08-14T20:33:39+00:00,close,'Unprecedented' rain in Japan kills eight people,bbc.co.uk,https://www.bbc.co.uk/news/articles/cq561gpen8lo?at_medium=RSS&at_campaign=rss,Other
2026-08-14T20:33:39+00:00,close,Builders unearth €9m gold stash sealed in walls of Belgian property,bbc.co.uk,https://www.bbc.co.uk/news/articles/c5ydzg0dnz7o?at_medium=RSS&at_campaign=rss,Other
2026-08-17T14:03:50+00:00,open,Trump says US to reduce military drills with South Korea after it stayed out of Iran war,bbc.co.uk,https://www.bbc.co.uk/news/articles/cx2lll7zvn0o?at_medium=RSS&at_campaign=rss,Geopolitical conflict
2026-08-17T14:03:50+00:00,open,Trump envoy Kushner meets Netanyahu after Hamas talks on peace plan,bbc.co.uk,https://www.bbc.co.uk/news/articles/c77gg5vn44yo?at_medium=RSS&at_campaign=rss,Other
2026-08-17T14:03:50+00:00,open,Russia and Ukraine trade more deadly strikes,bbc.co.uk,https://www.bbc.co.uk/news/articles/cn7n4lm11vro?at_medium=RSS&at_campaign=rss,Geopolitical conflict
2026-08-17T14:03:50+00:00,open,Aid shortages and fears of starvation as Indonesia reels from deadly earthquake,bbc.co.uk,https://www.bbc.co.uk/news/articles/crl7686r71yo?at_medium=RSS&at_campaign=rss,Natural disaster / industrial accident
2026-08-17T14:03:50+00:00,open,Ebola outbreak in DR Congo becomes deadliest in its history,bbc.co.uk,https://www.bbc.co.uk/news/articles/cvgll74vvydo?at_medium=RSS&at_campaign=rss,Other
2026-08-17T20:30:11+00:00,close,Trump threatens to bomb US ally Oman if it 'gets in the way' over Iran deal,bbc.co.uk,https://www.bbc.co.uk/news/articles/cy5dzk0ryzdo?at_medium=RSS&at_campaign=rss,Other
2026-08-17T20:30:11+00:00,close,Russia and Ukraine trade more deadly strikes,bbc.co.uk,https://www.bbc.co.uk/news/articles/cn7n4lm11vro?at_medium=RSS&at_campaign=rss,Geopolitical conflict
2026-08-17T20:30:11+00:00,close,Russia's prominent anti-war politician jailed for 11 years,bbc.co.uk,https://www.bbc.co.uk/news/articles/cj4kjnle2neo?at_medium=RSS&at_campaign=rss,Geopolitical conflict
2026-08-17T20:30:11+00:00,close,French PM heckled over wildfire response as blazes continue across Europe,bbc.co.uk,https://www.bbc.co.uk/news/articles/cx2rzx5g5yro?at_medium=RSS&at_campaign=rss,Natural disaster / industrial accident
2026-08-17T20:30:11+00:00,close,Mushroom murderer Erin Patterson is appealing - here's what you need to know,bbc.co.uk,https://www.bbc.co.uk/news/articles/cj9dx03jrgjo?at_medium=RSS&at_campaign=rss,Other
2026-08-18T14:09:34+00:00,open,"UK 'supports Ukraine 100%', Burnham says, after Russia's drone warning",bbc.co.uk,https://www.bbc.co.uk/news/articles/cy5dz0kkn0wo?at_medium=RSS&at_campaign=rss,Geopolitical conflict
2026-08-18T14:09:34+00:00,open,IVF staff accused of misleading UK parents about sperm and egg donors in northern Cyprus,bbc.co.uk,https://www.bbc.co.uk/news/articles/c75gv9xnr3po?at_medium=RSS&at_campaign=rss,Other
2026-08-18T14:09:34+00:00,open,"Tupac murder trial: 'All hell broke loose' night of rapper's shooting, witness says",bbc.co.uk,https://www.bbc.co.uk/news/articles/cp3r0kz775ko?at_medium=RSS&at_campaign=rss,Other
2026-08-18T14:09:34+00:00,open,Inside secret police warehouse as Germany targets small boats gangs,bbc.co.uk,https://www.bbc.co.uk/news/articles/cpq809zrvqdo?at_medium=RSS&at_campaign=rss,Geopolitical conflict
2026-08-18T14:09:34+00:00,open,Hayden Panettiere's ex Wladimir Klitschko says family in 'profound shock and grief',bbc.co.uk,https://www.bbc.co.uk/news/articles/c5ywe951z80o?at_medium=RSS&at_campaign=rss,Other
2026-08-18T20:27:07+00:00,close,"UK 'supports Ukraine 100%', Burnham says, after Russia's drone warning",bbc.co.uk,https://www.bbc.co.uk/news/articles/cy5dz0kkn0wo?at_medium=RSS&at_campaign=rss,Geopolitical conflict
2026-08-18T20:27:07+00:00,close,"Earthquake rocks Spain's historic Granada, injuring three",bbc.co.uk,https://www.bbc.co.uk/news/articles/cdx755dyy1yo?at_medium=RSS&at_campaign=rss,Natural disaster / industrial accident
2026-08-18T20:27:07+00:00,close,Brazil's President Lula hails oil discovery near Amazon river,bbc.co.uk,https://www.bbc.co.uk/news/articles/c4gd7xd8e8lo?at_medium=RSS&at_campaign=rss,Elections / political instability
2026-08-18T20:27:07+00:00,close,"Lindsay Clancy begged for help before her children's killings, mother-in-law testifies",bbc.co.uk,https://www.bbc.co.uk/news/articles/c62emm4yp8go?at_medium=RSS&at_campaign=rss,Other
2026-08-18T20:27:07+00:00,close,"Kariba ferry death toll rises to 93, making it Zimbabwe's deadliest transport disaster",bbc.co.uk,https://www.bbc.co.uk/news/articles/cjwx58n1153o?at_medium=RSS&at_campaign=rss,Other
2026-08-19T14:09:32+00:00,open,Israel confirms it opened fire on vehicle carrying five-year-old Hind Rajab in Gaza,bbc.co.uk,https://www.bbc.co.uk/news/articles/crl7yjlpx2po?at_medium=RSS&at_campaign=rss,Other
2026-08-19T14:09:32+00:00,open,Sacked Ukrainian defence minister calls for presidential election,bbc.co.uk,https://www.bbc.co.uk/news/articles/cdew8n9erlwo?at_medium=RSS&at_campaign=rss,Elections / political instability
2026-08-19T14:09:32+00:00,open,"Mushroom murderer trial undermined by 'catastrophic' hotel mix-up, appeal court told",bbc.co.uk,https://www.bbc.co.uk/news/articles/czjlxenlgkko?at_medium=RSS&at_campaign=rss,Other
2026-08-19T14:09:32+00:00,open,"Trump pauses new tariffs on Canada for three days, saying deal close",bbc.co.uk,https://www.bbc.co.uk/news/articles/cy9wz79ze29o?at_medium=RSS&at_campaign=rss,Trade / sanctions
2026-08-19T14:09:32+00:00,open,"South Korea shortens war games with US, citing Washington request",bbc.co.uk,https://www.bbc.co.uk/news/articles/cnvn0j31qj8o?at_medium=RSS&at_campaign=rss,Geopolitical conflict
2026-08-19T20:31:00+00:00,close,Israel confirms soldiers fired at car in which Hind Rajab was killed and opens criminal investigation,bbc.co.uk,https://www.bbc.co.uk/news/articles/crl7yjlpx2po?at_medium=RSS&at_campaign=rss,Other
2026-08-19T20:31:00+00:00,close,Sacked Ukrainian defence minister calls for presidential election,bbc.co.uk,https://www.bbc.co.uk/news/articles/cdew8n9erlwo?at_medium=RSS&at_campaign=rss,Elections / political instability
2026-08-19T20:31:00+00:00,close,Israel opens up bids for highly-sensitive West Bank settlement project,bbc.co.uk,https://www.bbc.co.uk/news/articles/cly50gn1e54o?at_medium=RSS&at_campaign=rss,Other
2026-08-19T20:31:00+00:00,close,"South Korea shortens war games with US, citing Washington request",bbc.co.uk,https://www.bbc.co.uk/news/articles/cnvn0j31qj8o?at_medium=RSS&at_campaign=rss,Geopolitical conflict
2026-08-19T20:31:00+00:00,close,Ukrainian man arrested in Croatia over Nord Stream pipeline blasts,bbc.co.uk,https://www.bbc.co.uk/news/articles/c78gp7l5348o?at_medium=RSS&at_campaign=rss,Other
2026-08-20T14:17:48+00:00,open,At least 15 killed in Kyiv as Ukraine grapples with air defence shortages,bbc.co.uk,https://www.bbc.co.uk/news/articles/c98vzmden5yo?at_medium=RSS&at_campaign=rss,Other
2026-08-20T14:17:48+00:00,open,Founder of collapsed Chinese property giant Evergrande sentenced to life in prison,bbc.co.uk,https://www.bbc.co.uk/news/articles/cd0x9mjjmgjo?at_medium=RSS&at_campaign=rss,Other
2026-08-20T14:17:48+00:00,open,Trump vows tougher economic measures on Iran and supporting countries,bbc.co.uk,https://www.bbc.co.uk/news/articles/c2k7e83ynj4o?at_medium=RSS&at_campaign=rss,Other
2026-08-20T14:17:48+00:00,open,Belgian car salesman becomes prince after royal parentage confirmed,bbc.co.uk,https://www.bbc.co.uk/news/articles/c4g616gvxr0o?at_medium=RSS&at_campaign=rss,Other
2026-08-20T14:17:48+00:00,open,"Mushroom killer must stay in jail forever for 'truly dreadful' crime, appeal court told",bbc.co.uk,https://www.bbc.co.uk/news/articles/ckg3j3yn4exo?at_medium=RSS&at_campaign=rss,Other
2026-08-20T20:31:13+00:00,close,US says sanctions will 'squash' Iran's economy and 'collapse' its regime,bbc.co.uk,https://www.bbc.co.uk/news/articles/c87n90eg0p2o?at_medium=RSS&at_campaign=rss,Trade / sanctions
2026-08-20T20:31:13+00:00,close,"UK, France, Germany, Italy and Canada condemn Israel's West Bank settlement project",bbc.co.uk,https://www.bbc.co.uk/news/articles/c998evlgz8ko?at_medium=RSS&at_campaign=rss,Other
2026-08-20T20:31:13+00:00,close,"Russia 'purposefully' hit critical infrastructure in latest strikes, Kyiv mayor says",bbc.co.uk,https://www.bbc.co.uk/news/articles/c98vzmden5yo?at_medium=RSS&at_campaign=rss,Geopolitical conflict
2026-08-20T20:31:13+00:00,close,Founder of collapsed Chinese property giant Evergrande sentenced to life in prison,bbc.co.uk,https://www.bbc.co.uk/news/articles/cd0x9mjjmgjo?at_medium=RSS&at_campaign=rss,Other
2026-08-20T20:31:13+00:00,close,Como mayor hit by electric bike and issues blanket ban in Italian city,bbc.co.uk,https://www.bbc.co.uk/news/articles/cn8n077vxd7o?at_medium=RSS&at_campaign=rss,Other
2026-08-21T14:09:49+00:00,open,"Israel re-establishes closed West Bank settlement, defying growing international protests",bbc.co.uk,https://www.bbc.co.uk/news/articles/cn7n0l4p0kzo?at_medium=RSS&at_campaign=rss,Other
2026-08-21T14:09:49+00:00,open,Rosenberg: Shortage of petrol but not patriotism as Russians feel growing impact of war,bbc.co.uk,https://www.bbc.co.uk/news/articles/c4gknzgje7go?at_medium=RSS&at_campaign=rss,Geopolitical conflict
2026-08-21T14:09:49+00:00,open,Hong Kong's Tiananmen activists guilty in national security trial,bbc.co.uk,https://www.bbc.co.uk/news/articles/c1l10mdrld5o?at_medium=RSS&at_campaign=rss,Other
2026-08-21T14:09:49+00:00,open,"Eight killed in plane crash at remote Alaskan military site, air force says",bbc.co.uk,https://www.bbc.co.uk/news/articles/cj9dmw8183wo?at_medium=RSS&at_campaign=rss,Geopolitical conflict
2026-08-21T14:09:49+00:00,open,Panama Canal to cut number of ships passing through due to El Niño,bbc.co.uk,https://www.bbc.co.uk/news/articles/cwyl0jkxxryo?at_medium=RSS&at_campaign=rss,Other
2026-08-21T20:28:38+00:00,close,"Israel re-establishes closed West Bank settlement, defying growing international protests",bbc.co.uk,https://www.bbc.co.uk/news/articles/cn7n0l4p0kzo?at_medium=RSS&at_campaign=rss,Other
2026-08-21T20:28:38+00:00,close,"Russian double-tap drone strike kills 15 in Ukrainian mall, officials say",bbc.co.uk,https://www.bbc.co.uk/news/articles/c39egw7nmk2o?at_medium=RSS&at_campaign=rss,Geopolitical conflict
2026-08-21T20:28:38+00:00,close,Hong Kong's Tiananmen activists guilty in national security trial,bbc.co.uk,https://www.bbc.co.uk/news/articles/c1l10mdrld5o?at_medium=RSS&at_campaign=rss,Other
2026-08-21T20:28:38+00:00,close,"UK, Canada and Australia condemn Israel for refusing criminal probe into aid worker killings in Gaza",bbc.co.uk,https://www.bbc.co.uk/news/articles/cvgl2pe09eno?at_medium=RSS&at_campaign=rss,Other
2026-08-21T20:28:38+00:00,close,Two injured in stabbing attack at Canada Sikh temple,bbc.co.uk,https://www.bbc.co.uk/news/articles/ce8l7w0n0jeo?at_medium=RSS&at_campaign=rss,Geopolitical conflict
2026-08-24T14:21:22+00:00,open,Russia's second-biggest online retailer targeted in Ukrainian strikes,bbc.co.uk,https://www.bbc.co.uk/news/articles/cg598yvrzpro?at_medium=RSS&at_campaign=rss,Geopolitical conflict
2026-08-24T14:21:22+00:00,open,"Iran faces 'greatest financial offensive ever', says US treasury secretary",bbc.co.uk,https://www.bbc.co.uk/news/articles/c0qxew81y83o?at_medium=RSS&at_campaign=rss,Other
2026-08-24T14:21:22+00:00,open,"King of Norway's health has worsened, palace says",bbc.co.uk,https://www.bbc.co.uk/news/articles/c36lnekj659o?at_medium=RSS&at_campaign=rss,Other
2026-08-24T14:21:22+00:00,open,Nearly three million Teslas recalled in China over hidden door handles,bbc.co.uk,https://www.bbc.co.uk/news/articles/c4g6ggdg030o?at_medium=RSS&at_campaign=rss,Other
2026-08-24T14:21:22+00:00,open,Access to Zambian courts prevented as election petition deadline looms,bbc.co.uk,https://www.bbc.co.uk/news/articles/cgrvjn88rxqo?at_medium=RSS&at_campaign=rss,Elections / political instability
2026-08-24T20:33:14+00:00,close,"Iran faces 'greatest financial offensive ever', says US treasury secretary",bbc.co.uk,https://www.bbc.co.uk/news/articles/c0qxew81y83o?at_medium=RSS&at_campaign=rss,Other
2026-08-24T20:33:14+00:00,close,UK PM Burnham vows support for Ukraine despite 'outrageous threats' from Russia,bbc.co.uk,https://www.bbc.co.uk/news/articles/clyqypkrzq5o?at_medium=RSS&at_campaign=rss,Other
2026-08-24T20:33:14+00:00,close,Russia's second-biggest online retailer targeted in Ukrainian strikes,bbc.co.uk,https://www.bbc.co.uk/news/articles/cg598yvrzpro?at_medium=RSS&at_campaign=rss,Geopolitical conflict
2026-08-24T20:33:14+00:00,close,Israel warns of 'forceful' response to kites flown from Gaza,bbc.co.uk,https://www.bbc.co.uk/news/articles/c5y58g2dp3xo?at_medium=RSS&at_campaign=rss,Geopolitical conflict
2026-08-24T20:33:14+00:00,close,"King of Norway's health has worsened, palace says",bbc.co.uk,https://www.bbc.co.uk/news/articles/c36lnekj659o?at_medium=RSS&at_campaign=rss,Other
2026-08-25T14:24:22+00:00,open,China hits out at 'illegal' new US sanctions on Iran and trading partners,bbc.co.uk,https://www.bbc.co.uk/news/articles/clyl8965j5go?at_medium=RSS&at_campaign=rss,Trade / sanctions
2026-08-25T14:24:22+00:00,open,Lockerbie bombing trial postponed days before it was due to start,bbc.co.uk,https://www.bbc.co.uk/news/articles/cq63rmj1zl1o?at_medium=RSS&at_campaign=rss,Other
2026-08-25T14:24:22+00:00,open,Brain disease in dead NFL players 'higher than previously shown',bbc.co.uk,https://www.bbc.co.uk/sport/american-football/articles/cew9l95kyp0o?at_medium=RSS&at_campaign=rss,Other
2026-08-25T14:24:22+00:00,open,"Tornado tears through French village, leaving dozens hurt and homes ravaged",bbc.co.uk,https://www.bbc.co.uk/news/articles/c0m3npvpgdno?at_medium=RSS&at_campaign=rss,Other
2026-08-25T14:24:22+00:00,open,Kit Harington replaces Nicholas Hoult in HBO's Harry Potter series,bbc.co.uk,https://www.bbc.co.uk/news/articles/c783lnz12vlo?at_medium=RSS&at_campaign=rss,Other
2026-08-25T20:32:02+00:00,close,Canada announces 'dollar-for-dollar' retaliatory tariffs on US as high as 50%,bbc.co.uk,https://www.bbc.co.uk/news/articles/c3v4xg5klx7o?at_medium=RSS&at_campaign=rss,Trade / sanctions
2026-08-25T20:32:02+00:00,close,China hits out at 'illegal' new US sanctions on Iran and trading partners,bbc.co.uk,https://www.bbc.co.uk/news/articles/clyl8965j5go?at_medium=RSS&at_campaign=rss,Trade / sanctions
2026-08-25T20:32:02+00:00,close,"CIA chief travels to Moscow for unannounced talks, US media reports",bbc.co.uk,https://www.bbc.co.uk/news/articles/c87vg9x5d7do?at_medium=RSS&at_campaign=rss,Other
2026-08-25T20:32:02+00:00,close,Mass arrests in global crackdown on West African cyber-crime networks,bbc.co.uk,https://www.bbc.co.uk/news/articles/cq5xdnxppl4o?at_medium=RSS&at_campaign=rss,Other
2026-08-25T20:32:02+00:00,close,Brain disease in dead NFL players 'higher than previously shown',bbc.co.uk,https://www.bbc.co.uk/sport/american-football/articles/cew9l95kyp0o?at_medium=RSS&at_campaign=rss,Other
2026-08-26T14:21:58+00:00,open,"Heart, hope and a steely determination: Dolly Parton's musical legacy",bbc.co.uk,https://www.bbc.co.uk/news/articles/c74k8zwvez0o?at_medium=RSS&at_campaign=rss,Other
2026-08-26T14:21:58+00:00,open,"Door was locked at Pakistan hospital where fire killed 14 babies, witnesses say",bbc.co.uk,https://www.bbc.co.uk/news/articles/czdz13elezlo?at_medium=RSS&at_campaign=rss,Other
2026-08-26T14:21:58+00:00,open,Canada announces 'dollar-for-dollar' retaliatory tariffs on US as high as 50%,bbc.co.uk,https://www.bbc.co.uk/news/articles/c3v4xg5klx7o?at_medium=RSS&at_campaign=rss,Trade / sanctions
2026-08-26T14:21:58+00:00,open,"Radiation link in flight attendant's breast cancer, French court finds",bbc.co.uk,https://www.bbc.co.uk/news/articles/cn0j3z6147jo?at_medium=RSS&at_campaign=rss,Other
2026-08-26T14:21:58+00:00,open,Far-right Israeli lawmaker damages Palestinian memorial with sledgehammer,bbc.co.uk,https://www.bbc.co.uk/news/articles/c0lrw8325pzo?at_medium=RSS&at_campaign=rss,Other
2026-08-26T22:52:49+00:00,close,"Heart, hope and a steely determination: Dolly Parton's musical legacy",bbc.co.uk,https://www.bbc.co.uk/news/articles/c74k8zwvez0o?at_medium=RSS&at_campaign=rss,Other
2026-08-26T22:52:49+00:00,close,"Door was locked at Pakistan hospital where fire killed 14 babies, witnesses say",bbc.co.uk,https://www.bbc.co.uk/news/articles/czdz13elezlo?at_medium=RSS&at_campaign=rss,Other
2026-08-26T22:52:49+00:00,close,Trump officials threaten Kennedy Center demolition if court blocks renovations,bbc.co.uk,https://www.bbc.co.uk/news/articles/c62mr97n936o?at_medium=RSS&at_campaign=rss,Other
2026-08-26T22:52:49+00:00,close,US drug agency approves breakthrough treatment for pancreatic cancer,bbc.co.uk,https://www.bbc.co.uk/news/articles/clyq4ge4wk9o?at_medium=RSS&at_campaign=rss,Other
2026-08-26T22:52:49+00:00,close,Canada announces 'dollar-for-dollar' retaliatory tariffs on US as high as 50%,bbc.co.uk,https://www.bbc.co.uk/news/articles/c3v4xg5klx7o?at_medium=RSS&at_campaign=rss,Trade / sanctions
2026-08-27T23:02:46+00:00,open,"Collapsed glacier likely caused devastating Nepal-Tibet floods, scientists say",bbc.co.uk,https://www.bbc.co.uk/news/articles/cly464k252yo?at_medium=RSS&at_campaign=rss,Natural disaster / industrial accident
2026-08-27T23:02:46+00:00,open,What we know about deadly Nepal-Tibet floods,bbc.co.uk,https://www.bbc.co.uk/news/articles/cd948kn02e5o?at_medium=RSS&at_campaign=rss,Natural disaster / industrial accident
2026-08-27T23:02:46+00:00,open,Convicted Bosnian Serb war criminal Mladić dies aged 84,bbc.co.uk,https://www.bbc.co.uk/news/articles/c5ywxpryj95o?at_medium=RSS&at_campaign=rss,Geopolitical conflict
2026-08-27T23:02:46+00:00,open,"Jury deliberating in trial of Lindsay Clancy, US woman accused of killing her children",bbc.co.uk,https://www.bbc.co.uk/news/articles/c33keeyyv70o?at_medium=RSS&at_campaign=rss,Other
2026-08-27T23:02:46+00:00,open,Norwegians lay flowers at palace as King Harald's condition worsens,bbc.co.uk,https://www.bbc.co.uk/news/articles/cqxvrnvrr5do?at_medium=RSS&at_campaign=rss,Other
2026-08-28T04:06:06+00:00,close,"Collapsed glacier likely caused devastating Nepal-Tibet floods, scientists say",bbc.co.uk,https://www.bbc.co.uk/news/articles/cly464k252yo?at_medium=RSS&at_campaign=rss,Natural disaster / industrial accident
2026-08-28T04:06:06+00:00,close,What we know about deadly Nepal-Tibet floods,bbc.co.uk,https://www.bbc.co.uk/news/articles/cd948kn02e5o?at_medium=RSS&at_campaign=rss,Natural disaster / industrial accident
2026-08-28T04:06:06+00:00,close,Convicted Bosnian Serb war criminal Mladić dies aged 84,bbc.co.uk,https://www.bbc.co.uk/news/articles/c5ywxpryj95o?at_medium=RSS&at_campaign=rss,Geopolitical conflict
2026-08-28T04:06:06+00:00,close,"Jury deliberating in trial of Lindsay Clancy, US woman accused of killing her children",bbc.co.uk,https://www.bbc.co.uk/news/articles/c33keeyyv70o?at_medium=RSS&at_campaign=rss,Other
2026-08-28T04:06:06+00:00,close,Norwegians lay flowers at palace as King Harald's condition worsens,bbc.co.uk,https://www.bbc.co.uk/news/articles/cqxvrnvrr5do?at_medium=RSS&at_campaign=rss,Other
2026-08-28T23:11:02+00:00,open,Footage of Tibet floods isn't being shown in China - and we know little about victims there,bbc.co.uk,https://www.bbc.co.uk/news/articles/cx2z415w2gpo?at_medium=RSS&at_campaign=rss,Natural disaster / industrial accident
2026-08-28T23:11:02+00:00,open,Norway mourns King Harald as Haakon VIII ascends throne,bbc.co.uk,https://www.bbc.co.uk/news/articles/cm2rzxrdr71o?at_medium=RSS&at_campaign=rss,Other
2026-08-28T23:11:02+00:00,open,Oslo mayor calls off wedding ceremony after death of Norway's king,bbc.co.uk,https://www.bbc.co.uk/news/articles/c5ydgk3v60eo?at_medium=RSS&at_campaign=rss,Other
2026-08-28T23:11:02+00:00,open,"Russia ramps up rhetoric but wants to avoid war with Nato, Western officials say",bbc.co.uk,https://www.bbc.co.uk/news/articles/cz0zm2j7ld1o?at_medium=RSS&at_campaign=rss,Geopolitical conflict
2026-08-28T23:11:02+00:00,open,Right-wing commentator Milo Yiannopoulos detained by ICE,bbc.co.uk,https://www.bbc.co.uk/news/articles/cj06jgq62v9o?at_medium=RSS&at_campaign=rss,Other
2026-08-29T02:45:29+00:00,close,Footage of Tibet floods isn't being shown in China - and we know little about victims there,bbc.co.uk,https://www.bbc.co.uk/news/articles/cx2z415w2gpo?at_medium=RSS&at_campaign=rss,Natural disaster / industrial accident
2026-08-29T02:45:29+00:00,close,Trump says US has 'historic' deal to control 65bn barrels of Venezuela's oil,bbc.co.uk,https://www.bbc.co.uk/news/articles/cx2zlwe7qj1o?at_medium=RSS&at_campaign=rss,Other
2026-08-29T02:45:29+00:00,close,Landlady to 9/11 hijackers reveals their links to alleged Saudi spy,bbc.co.uk,https://www.bbc.co.uk/news/articles/c99dvm39mreo?at_medium=RSS&at_campaign=rss,Other
2026-08-29T02:45:29+00:00,close,Norway mourns King Harald as Haakon VIII ascends throne,bbc.co.uk,https://www.bbc.co.uk/news/articles/cm2rzxrdr71o?at_medium=RSS&at_campaign=rss,Other
2026-08-29T02:45:29+00:00,close,Right-wing commentator Milo Yiannopoulos detained by ICE,bbc.co.uk,https://www.bbc.co.uk/news/articles/cj06jgq62v9o?at_medium=RSS&at_campaign=rss,Other
2026-08-31T19:36:54+00:00,open,Nepal rescuers blast hillside in search of hydropower workers as families wait anxiously,bbc.co.uk,https://www.bbc.co.uk/news/articles/c5ylvgq9q71o?at_medium=RSS&at_campaign=rss,Other
2026-08-31T19:36:54+00:00,open,US and Iran trade strikes for first time in weeks,bbc.co.uk,https://www.bbc.co.uk/news/articles/cx2z72x5z1po?at_medium=RSS&at_campaign=rss,Geopolitical conflict
2026-08-31T19:36:54+00:00,open,Man arrested after Swiss rave shooting that killed woman,bbc.co.uk,https://www.bbc.co.uk/news/articles/cddv92n194vo?at_medium=RSS&at_campaign=rss,Other
2026-08-31T19:36:54+00:00,open,The jury's options in Lindsay Clancy's murder trial,bbc.co.uk,https://www.bbc.co.uk/news/articles/c93vgv4kr49o?at_medium=RSS&at_campaign=rss,Other
2026-08-31T19:36:54+00:00,open,'She slipped out of my hand' - children missing after ferry sinks off northern Cyprus,bbc.co.uk,https://www.bbc.co.uk/news/articles/c1mv5ggg1l8o?at_medium=RSS&at_campaign=rss,Other
2026-08-31T23:39:49+00:00,close,Nepal rescuers blast hillside in search of hydropower workers as families wait anxiously,bbc.co.uk,https://www.bbc.co.uk/news/articles/c5ylvgq9q71o?at_medium=RSS&at_campaign=rss,Other
2026-08-31T23:39:49+00:00,close,US singer D4vd's celebrity lawyers withdraw from murder case,bbc.co.uk,https://www.bbc.co.uk/news/articles/crr451lpl4no?at_medium=RSS&at_campaign=rss,Other
2026-08-31T23:39:49+00:00,close,Man arrested after Swiss rave shooting that killed woman,bbc.co.uk,https://www.bbc.co.uk/news/articles/cddv92n194vo?at_medium=RSS&at_campaign=rss,Other
2026-08-31T23:39:49+00:00,close,'She slipped out of my hand' - children missing after ferry sinks off northern Cyprus,bbc.co.uk,https://www.bbc.co.uk/news/articles/c1mv5ggg1l8o?at_medium=RSS&at_campaign=rss,Other
2026-08-31T23:39:49+00:00,close,US and Iran trade strikes for first time in weeks,bbc.co.uk,https://www.bbc.co.uk/news/articles/cx2z72x5z1po?at_medium=RSS&at_campaign=rss,Geopolitical conflict
2026-09-01T17:25:54+00:00,open,Germany says Russia behind Leipzig airport drone attack,bbc.co.uk,https://www.bbc.co.uk/news/articles/c5ylm3m67n2o?at_medium=RSS&at_campaign=rss,Geopolitical conflict
2026-09-01T17:25:54+00:00,open,'I've never been to Afghanistan': Six million deportees forced to start over under the Taliban,bbc.co.uk,https://www.bbc.co.uk/news/articles/c2e074nn8eko?at_medium=RSS&at_campaign=rss,Other
2026-09-01T17:25:54+00:00,open,"River water smashed into tunnel and chased me for 20 minutes, Nepal worker tells BBC",bbc.co.uk,https://www.bbc.co.uk/news/articles/cg49590v6k1o?at_medium=RSS&at_campaign=rss,Other
2026-09-01T17:25:54+00:00,open,"Sexual assaults happening almost every day in Ceuta, prosecutors say",bbc.co.uk,https://www.bbc.co.uk/news/articles/c3v4pgk7gweo?at_medium=RSS&at_campaign=rss,Other
2026-09-01T17:25:54+00:00,open,Vance calls Michigan Senate candidate El-Sayed 'evil' at campaign rally,bbc.co.uk,https://www.bbc.co.uk/news/articles/cn9w39py48xo?at_medium=RSS&at_campaign=rss,Elections / political instability
2026-09-01T22:27:43+00:00,close,Germany says Russia behind Leipzig airport drone attack,bbc.co.uk,https://www.bbc.co.uk/news/articles/c5ylm3m67n2o?at_medium=RSS&at_campaign=rss,Geopolitical conflict
2026-09-01T22:27:43+00:00,close,US strikes Iran as state media reports four killed at wedding party,bbc.co.uk,https://www.bbc.co.uk/news/articles/cj06q4ynpmjo?at_medium=RSS&at_campaign=rss,Geopolitical conflict
2026-09-01T22:27:43+00:00,close,'I've never been to Afghanistan': Six million deportees forced to start over under the Taliban,bbc.co.uk,https://www.bbc.co.uk/news/articles/c2e074nn8eko?at_medium=RSS&at_campaign=rss,Other
2026-09-01T22:27:43+00:00,close,"River water smashed into tunnel and chased me for 20 minutes, Nepal worker tells BBC",bbc.co.uk,https://www.bbc.co.uk/news/articles/cg49590v6k1o?at_medium=RSS&at_campaign=rss,Other
2026-09-01T22:27:43+00:00,close,"Sexual assaults happening almost every day in Ceuta, prosecutors say",bbc.co.uk,https://www.bbc.co.uk/news/articles/c3v4pgk7gweo?at_medium=RSS&at_campaign=rss,Other
2026-09-02T17:18:25+00:00,open,Iran says US strike killed four at wedding in 'war crime' as US denies targeting civilians,bbc.co.uk,https://www.bbc.co.uk/news/articles/cj06q4ynpmjo?at_medium=RSS&at_campaign=rss,Geopolitical conflict
2026-09-02T17:18:25+00:00,open,EU and Nato vow to step up pressure on Russia after 'new escalation' in Germany,bbc.co.uk,https://www.bbc.co.uk/news/articles/ce9e810pg7ko?at_medium=RSS&at_campaign=rss,Other
2026-09-02T17:18:25+00:00,open,Rosenberg: Putin's veiled threat to UK part of Russia's campaign against West,bbc.co.uk,https://www.bbc.co.uk/news/articles/c62j50n131mo?at_medium=RSS&at_campaign=rss,Elections / political instability
2026-09-02T17:18:25+00:00,open,US sailors arrive in Thailand's Pattaya after record 250 days at sea,bbc.co.uk,https://www.bbc.co.uk/news/articles/cg7k09z4lj9o?at_medium=RSS&at_campaign=rss,Other
2026-09-02T17:18:25+00:00,open,Woman charged with juror intimidation in Lindsay Clancy trial,bbc.co.uk,https://www.bbc.co.uk/news/articles/cwyze4593zwo?at_medium=RSS&at_campaign=rss,Other
2026-09-02T22:27:00+00:00,close,"Iranian attack on Saudi tanker killed two Filipino sailors, Saudi Arabia says",bbc.co.uk,https://www.bbc.co.uk/news/articles/cx2zxgg4mx9o?at_medium=RSS&at_campaign=rss,Geopolitical conflict
2026-09-02T22:27:00+00:00,close,Protests in Spain over government's handling of Ceuta migrant crisis,bbc.co.uk,https://www.bbc.co.uk/news/articles/c1mvn2yp9n2o?at_medium=RSS&at_campaign=rss,Other
2026-09-02T22:27:00+00:00,close,EU and Nato vow to step up pressure on Russia after 'new escalation' in Germany,bbc.co.uk,https://www.bbc.co.uk/news/articles/ce9e810pg7ko?at_medium=RSS&at_campaign=rss,Other
2026-09-02T22:27:00+00:00,close,Rosenberg: Putin's veiled threat to UK part of Russia's campaign against West,bbc.co.uk,https://www.bbc.co.uk/news/articles/c62j50n131mo?at_medium=RSS&at_campaign=rss,Elections / political instability
2026-09-02T22:27:00+00:00,close,Watch: Jury still unable to reach unanimous decision in Lindsay Clancy case,bbc.co.uk,https://www.bbc.co.uk/news/videos/cy8z32v7130o?at_medium=RSS&at_campaign=rss,Other
2026-09-03T17:09:55+00:00,open,UN warns of 'supersized' El Niño as countries prepare for impact,bbc.co.uk,https://www.bbc.co.uk/news/articles/c17jqp0xzpzo?at_medium=RSS&at_campaign=rss,Geopolitical conflict
2026-09-03T17:09:55+00:00,open,Toxic wildfire haze spreads across South East Asia as 'super' El Niño intensifies,bbc.co.uk,https://www.bbc.co.uk/news/articles/clyqw44w142o?at_medium=RSS&at_campaign=rss,Natural disaster / industrial accident
2026-09-03T17:09:55+00:00,open,"Feminist activist and journalist Gloria Steinem dies, aged 92",bbc.co.uk,https://www.bbc.co.uk/news/articles/clyeq3ngwe4o?at_medium=RSS&at_campaign=rss,Other
2026-09-03T17:09:55+00:00,open,Channel smuggling gangs resort to 'mega-dinghies' as crackdown limits small boat supply,bbc.co.uk,https://www.bbc.co.uk/news/articles/ce3rn93de9eo?at_medium=RSS&at_campaign=rss,Other
2026-09-03T17:09:55+00:00,open,"Palestinian teens killed during settler attack on West Bank village, officials say",bbc.co.uk,https://www.bbc.co.uk/news/articles/cj6482r6yl4o?at_medium=RSS&at_campaign=rss,Geopolitical conflict
